pnum,april_lay_date,clutch_size,num_fledglings,father,mother,box,year,wytham_born,natal_box,age,x,y,recorded,repertoire_size,self_similarity,ac_sim,shared,total_rep,mean_spat_dist,mean_ac_sim,dispersal_distance,prop_immigrants,mean_dispersal
20201B11,16.0,9.0,9,vz30774,vz30536,B11,2020,False,,6.0,447748.72,207573.76,True,,,,,,,,,0.5,419.5
20201B12,23.0,6.0,1,,vz30574,B12,2020,,,,447764.69,207643.69,False,,,,,,,,,,
20201B123,22.0,6.0,6,vz30961,ve32975,B123,2020,False,,6.0,447860.72,207831.76,True,,,,,,,,,0.4,330.2
20201B125,33.0,4.0,0,,,B125,2020,,,,447825.72,207780.76,True,,,,,,,,,,
20201B142,28.0,6.0,0,,vz31162,B142,2020,,,,447504.72,207456.76,True,,,,,,,,,,
20201B145,32.0,2.0,2,vb55885,vs84265,B145,2020,True,B12,6.0,447527.72,207497.76,True,,,,,,,,278.3,0.6,331.2
20201B150,21.0,7.0,3,,tw41887,B150,2020,,,,447611.72,207617.76,True,,,,,,,,,,
20201B153,20.0,8.0,5,,tr42599,B153,2020,,,,447547.72,207642.76,False,,,,,,,,,,
20201B161,15.0,9.0,8,te80930,tw77018,B161,2020,True,B8,5.0,447430.72,207645.76,True,1.0,,0.3713665541310541,2.0,33.0,274.93899999999996,0.3516278333333333,383.7,0.5,300.6
20201B165,23.0,8.0,0,,,B165,2020,,,,447457.72,207519.76,True,3.0,0.39400999999999997,0.380361222697056,2.0,52.0,260.14099999999996,0.37626745,,,
20201B170A,22.0,8.0,0,tr43319,tr43325,B170A,2020,False,,5.0,447554.72,207377.76,True,,,,,,,,,0.6,363.4
20201B174,22.0,7.0,7,vs84187,vz30933,B174,2020,True,P5,5.0,447714.72,207418.76,False,,,,,,,,542.4,0.7,468.5
20201B175,20.0,3.0,0,,,B175,2020,,,,447753.72,207473.76,True,2.0,0.29746,0.3228121908831909,2.0,49.0,268.125,0.31999279166666666,,,
20201B181,25.0,6.0,0,,ty70198,B181,2020,,,,447524.72,207793.76,True,,,,,,,,,,
20201B192,14.0,8.0,8,vz30984,ty70025,B192,2020,True,B227,5.0,447817.72,208064.76,True,,,,,,,,64.9,0.6,416.8
20201B198,20.0,8.0,0,tx42887,tw41886,B198,2020,True,B52,5.0,447686.72,207767.76,True,,,,,,,,149.8,0.6,475.8
20201B20,23.0,7.0,5,ty70134,ty70132,B20,2020,False,,5.0,447946.72,207757.76,True,,,,,,,,,0.5,383.3
20201B205,21.0,7.0,5,vz32583,ty70131,B205,2020,True,MP75,6.0,447877.72,207724.76,True,1.0,,0.3526561566951567,4.0,38.0,290.181,0.35924978333333335,878.1,0.6,259.6
20201B207,22.0,4.0,3,ty70159,,B207,2020,False,,6.0,447530.72,207839.76,True,1.0,,0.4637352421652422,0.0,36.0,332.011,0.442368,,0.5,327.1
20201B221,19.0,9.0,0,vz33585,,B221,2020,False,,6.0,447557.72,207344.76,True,2.0,0.3616,0.3872869202279202,6.0,48.0,313.08299999999997,0.3678464083333333,,0.6,363.4
20201B225,15.0,8.0,0,vz30587,tx42888,B225,2020,False,,5.0,447796.72,207941.76,True,2.0,0.40012,0.3980040227920228,2.0,49.0,336.78000000000003,0.4080318083333333,,0.5,346.5
20201B227,20.0,9.0,7,vs84262,ty70133,B227,2020,False,,6.0,447763.72,208100.76,True,3.0,0.3620933333333333,0.37731333333333333,6.0,57.0,451.869,0.38521858333333336,,0.6,371.2
20201B27,19.0,8.0,2,,tr43266,B27,2020,,,,447787.72,207749.76,True,4.0,0.40747833333333333,0.360725686965812,2.0,67.0,269.256,0.3668590625,,,
20201B3,19.0,7.0,6,,vz30775,B3,2020,,,,447845.72,207529.76,True,5.0,0.32786,0.33209196153846154,2.0,80.0,287.701,0.32731591,,,
20201B31,24.0,7.0,7,tr42596,tw77053,B31,2020,False,,5.0,447707.72,207601.76,True,,,,,,,,,0.5,419.5
20201B4,13.0,9.0,9,tr43324,vz32629,B4,2020,False,,5.0,447845.72,207474.76,True,5.0,0.33875700000000003,0.3372057102564103,2.0,76.0,295.95500000000004,0.33804402666666666,,0.6,487.0
20201B43,24.0,8.0,5,vz30787,tw77126,B43,2020,False,,6.0,447567.72,207480.76,True,,,,,,,,,0.6,363.4
20201B48,24.0,7.0,3,,tr43327,B48,2020,,,,447574.72,207528.76,True,,,,,,,,,,
20201B49,19.0,7.0,7,,tx42362,B49,2020,,,,447581.72,207564.76,True,,,,,,,,,,
20201B57,19.0,9.0,9,,tw77051,B57,2020,,,,447524.72,207609.76,True,,,,,,,,,,
20201B67,25.0,7.0,0,,tw77127,B67,2020,,,,447465.72,207469.76,True,4.0,0.3884033333333334,0.37448727564102563,8.0,61.0,269.056,0.38580336666666665,,,
20201B76,17.0,8.0,7,tv44238,vz32977,B76,2020,True,B107,6.0,447677.72,207683.76,True,,,,,,,,249.1,0.5,446.5
20201B81,26.0,6.0,1,,ty70197,B81,2020,,,,447516.72,207786.76,True,,,,,,,,,,
20201B87,19.0,8.0,0,,vz30591,B87,2020,,,,447722.72,207967.76,True,,,,,,,,,,
20201B97,18.0,7.0,6,,te80864,B97,2020,,,,447845.72,207605.76,True,,,,,,,,,,
20201C10,16.0,8.0,8,te80995,ty68508,C10,2020,False,,5.0,446147.33,206622.71,True,,,,,,,,,0.6,423.1
20201C105,13.0,9.0,8,tr44601,tv44590,C105,2020,True,O75A,6.0,446268.72,206788.76,True,,,,,,,,570.9,0.7,373.8
20201C107,22.0,7.0,5,,vz32780,C107,2020,,,,446221.72,206699.76,True,,,,,,,,,,
20201C11,46.0,6.0,0,,,C11,2020,,,,446215.33,206611.71,False,,,,,,,,,,
20201C110,14.0,8.0,0,,,C110,2020,,,,446166.33,206677.71,True,,,,,,,,,,
20201C113,15.0,9.0,0,,,C113,2020,,,,446283.33,206575.71,True,,,,,,,,,,
20201C126,18.0,3.0,0,,,C126,2020,,,,446377.72,206815.76,True,,,,,,,,,,
20201C131,15.0,9.0,9,tw41847,tw41838,C131,2020,False,,5.0,446369.72,206673.76,True,,,,,,,,,0.6,423.1
20201C136,16.0,10.0,8,vz33158,te80994,C136,2020,False,,6.0,446430.72,206941.76,True,,,,,,,,,0.6,663.4
20201C140,17.0,8.0,7,vz31218,ty68505,C140,2020,True,C15,5.0,446457.72,206999.76,True,,,,,,,,411.8,0.6,718.2
20201C143,27.0,8.0,3,,tx42423,C143,2020,,,,446550.72,206989.76,True,1.0,,0.35742676495726494,0.0,35.0,356.731,0.37542166666666665,,,
20201C149,27.0,7.0,0,,,C149,2020,,,,446631.33,206833.71,True,,,,,,,,,,
20201C158,17.0,8.0,7,vz32749,vz32729,C158,2020,True,C131,5.0,446440.72,207019.76,True,,,,,,,,353.2,0.6,732.8
20201C20,14.0,10.0,10,ty68503,te80998,C20,2020,False,,5.0,446430.72,206728.76,True,1.0,,0.38511729487179486,4.0,35.0,374.508,0.4074520833333334,,0.6,423.1
20201C25,15.0,10.0,8,,vz32566,C25,2020,,,,446429.98,206878.41,True,2.0,0.57508,0.3628989643874644,6.0,44.0,333.373,0.37192349999999996,,,
20201C31,,,0,,,C31,2020,,,,446370.72,206657.76,True,3.0,0.3421633333333333,0.3817683888888889,4.0,53.0,422.59,0.37860858333333336,,,
20201C32,18.0,3.0,0,,,C32,2020,,,,446322.72,206657.76,True,,,,,,,,,,
20201C39,23.0,4.0,0,,,C39,2020,,,,446491.72,206960.76,True,,,,,,,,,,
20201C47,12.0,9.0,5,tw41667,tl39678,C47,2020,False,,4.0,446632.72,206921.76,True,6.0,0.367176,0.3311646970560304,14.0,80.0,379.796,0.3510800972222222,,0.4,618.2
20201C51,16.0,7.0,4,tw41842,ty68504,C51,2020,False,,5.0,446497.72,206774.76,True,2.0,0.34733,0.3864263027065527,2.0,44.0,364.517,0.3807564166666667,,0.6,423.1
20201C53,43.0,7.0,0,,,C53,2020,,,,446554.72,206813.76,False,,,,,,,,,,
20201C54,16.0,5.0,0,,,C54,2020,,,,446580.33,206812.71,True,,,,,,,,,,
20201C6,14.0,8.0,7,,ty68502,C6,2020,,,,446262.72,206721.76,True,,,,,,,,,,
20201C61A,17.0,7.0,6,,ty68506,C61A,2020,,,,446303.33,206992.71,True,,,,,,,,,,
20201C62,22.0,8.0,8,,vz33149,C62,2020,,,,446256.33,206910.71,True,2.0,0.57469,0.3559879622507122,4.0,44.0,373.26800000000003,0.35478766666666667,,,
20201C9A,13.0,8.0,0,,ty68501,C9A,2020,,,,446141.33,206711.71,True,1.0,,0.33562582051282047,0.0,33.0,476.907,0.34045983333333335,,,
20201CP11,19.0,8.0,0,,,CP11,2020,,,,446392.33,209100.71,True,1.0,,0.3729519102564103,4.0,43.0,209.618,0.3486116166666667,,,
20201CP119,12.0,7.0,0,,,CP119,2020,,,,446667.33,209113.71,True,4.0,0.30556333333333335,0.36044111396011397,8.0,69.0,359.976,0.3600948,,,
20201CP12,18.0,8.0,7,,vz33512,CP12,2020,,,,446356.33,209083.71,True,2.0,0.45991,0.3601934074074074,2.0,49.0,208.663,0.3676365333333333,,,
20201CP15,27.0,6.0,6,tw41607,vz31676,CP15,2020,True,EX80,5.0,446368.33,209033.71,True,,,,,,,,920.2,0.6,741.8
20201CP17,26.0,4.0,0,,,CP17,2020,,,,446523.33,209028.71,False,,,,,,,,,,
20201CP2,18.0,10.0,9,ty69502,vz33953,CP2,2020,False,,6.0,446331.33,209279.71,True,2.0,0.35866,0.37081107122507123,4.0,53.0,218.825,0.393621175,,0.5,755.2
20201CP22,18.0,10.0,6,,tw41875,CP22,2020,,,,446462.33,208873.71,True,1.0,,0.3770467948717949,2.0,39.0,337.617,0.39922225,,,
20201CP28,23.0,9.0,8,tl38601,ty69558,CP28,2020,True,EX22,5.0,446614.33,209067.71,True,,,,,,,,592.7,0.7,950.9
20201CP3,22.0,7.0,0,,,CP3,2020,,,,446370.33,209284.71,True,2.0,0.35775,0.3350515690883191,4.0,54.0,223.03699999999998,0.3614181083333333,,,
20201CP33,19.0,9.0,5,,ty69513,CP33,2020,,,,446525.33,208860.71,True,,,,,,,,,,
20201CP34,17.0,9.0,9,,ty69501,CP34,2020,,,,446663.33,208847.71,True,,,,,,,,,,
20201CP35,28.0,6.0,6,,ty69574,CP35,2020,,,,446634.33,208808.71,True,,,,,,,,,,
20201CP43,18.0,7.0,0,,,CP43,2020,,,,446948.72,208462.76,True,,,,,,,,,,
20201CP6,25.0,10.0,6,vz31926,vz30566,CP6,2020,True,EX68,5.0,446499.33,209263.71,True,,,,,,,,1136.2,0.6,660.0
20201CP7,21.0,2.0,0,,,CP7,2020,,,,446544.33,209240.71,True,4.0,0.36876166666666665,0.3489613732193732,8.0,69.0,276.40299999999996,0.34217522499999997,,,
20201CP9,19.0,7.0,7,vz29416,tx42383,CP9,2020,True,W80,6.0,446486.33,209112.71,True,3.0,0.35749666666666663,0.35839718233618234,4.0,61.0,235.56599999999997,0.38832151666666664,796.4,0.7,883.0
20201EX120,15.0,9.0,9,ty68003,vz29516,EX120,2020,False,,6.0,445349.71,208927.24,True,1.0,,0.3305071923076923,0.0,32.0,197.731,0.3021083333333333,,0.6,489.0
20201EX14,16.0,8.0,7,tw41893,vz30878,EX14,2020,False,,5.0,445451.33,208853.71,True,3.0,0.397,0.3527418190883191,2.0,50.0,255.32,0.3521562777777778,,0.6,489.0
20201EX18,20.0,6.0,6,,tw41900,EX18,2020,,,,445710.33,209023.71,True,,,,,,,,,,
20201EX21,15.0,9.0,7,,,EX21,2020,,,,445992.33,209122.71,True,3.0,0.2943766666666667,0.35768992687559353,2.0,62.0,227.35100000000003,0.35074513888888886,,,
20201EX25,17.0,8.0,6,tw41850,vz31314,EX25,2020,False,,5.0,446123.33,208965.71,True,1.0,,0.36001760256410253,0.0,41.0,276.636,0.3242930666666667,,0.5,571.1
20201EX26,17.0,10.0,10,tw41874,vz29229,EX26,2020,False,,5.0,446155.33,208949.71,True,5.0,0.515707,0.41472219686609685,6.0,75.0,274.104,0.40619537333333333,,0.5,571.1
20201EX29,22.0,8.0,4,,y839893,EX29,2020,,,,446108.33,208834.71,True,,,,,,,,,,
20201EX3,17.0,8.0,7,vz31212,vz29502,EX3,2020,True,C63,5.0,445602.33,208356.71,True,1.0,,0.36006928632478635,2.0,32.0,511.218,0.3545789166666667,1559.4,0.6,369.9
20201EX34,18.0,10.0,9,ty69033,vz29522,EX34,2020,False,,6.0,445711.33,208853.71,True,,,,,,,,,0.5,488.8
20201EX35,17.0,8.0,8,,tw77003,EX35,2020,,,,445687.33,208804.71,True,,,,,,,,,,
20201EX38A,18.0,8.0,8,,ty69002,EX38A,2020,,,,445669.33,208666.71,True,,,,,,,,,,
20201EX41E,21.0,8.0,0,,,EX41E,2020,,,,445777.33,208408.71,False,,,,,,,,,,
20201EX43,22.0,8.0,8,,ty69075,EX43,2020,,,,445912.33,208625.71,True,,,,,,,,,,
20201EX43D,25.0,7.0,0,,,EX43D,2020,,,,446085.33,208625.71,True,,,,,,,,,,
20201EX48A,22.0,6.0,6,tp27216,vz30879,EX48A,2020,True,EX41D,6.0,446179.33,208737.71,True,,,,,,,,441.8,0.7,751.5
20201EX49A,25.0,6.0,5,,tw41549,EX49A,2020,,,,446155.33,208632.71,True,,,,,,,,,,
20201EX5,15.0,7.0,0,,,EX5,2020,,,,445483.33,208370.71,True,,,,,,,,,,
20201EX51,18.0,8.0,8,tw41873,vs83950,EX51,2020,False,,6.0,446397.33,208674.71,True,,,,,,,,,0.5,657.8
20201EX55,20.0,5.0,0,,,EX55,2020,,,,446634.33,208663.71,False,,,,,,,,,,
20201EX56,25.0,7.0,7,vz33544,vz32694,EX56,2020,False,,6.0,446552.33,208643.71,True,,,,,,,,,0.5,657.8
20201EX59,16.0,7.0,7,,vz32698,EX59,2020,,,,446392.33,208565.71,True,,,,,,,,,,
20201EX62,21.0,6.0,0,,,EX62,2020,,,,446299.33,208425.71,True,,,,,,,,,,
20201EX62A,21.0,10.0,9,ty69097,ty69065,EX62A,2020,False,,5.0,446322.33,208376.71,True,1.0,,0.4368504301994302,0.0,32.0,569.473,0.42838615,,0.6,533.2
20201EX62B,27.0,9.0,0,,,EX62B,2020,,,,446330.33,208317.71,True,,,,,,,,,,
20201EX62D,26.0,4.0,0,,,EX62D,2020,,,,446300.77,208230.55,True,,,,,,,,,,
20201EX62G,20.0,10.0,8,ty69066,vz31891,EX62G,2020,False,,5.0,446411.61,208050.73,True,,,,,,,,,0.6,694.0
20201EX64,22.0,9.0,9,vz30485,ty69052,EX64,2020,True,EX32,6.0,446184.33,208449.71,True,,,,,,,,538.0,0.8,320.6
20201EX65,29.0,8.0,0,,ty69098,EX65,2020,,,,446127.33,208492.71,True,,,,,,,,,,
20201EX69,33.0,9.0,0,vz31039,,EX69,2020,True,EX75A,,445899.33,208257.71,True,,,,,,,,199.5,0.7,846.4
20201EX72A,51.0,4.0,0,,,EX72A,2020,,,,445912.33,208188.71,False,,,,,,,,,,
20201EX74,22.0,9.0,0,,,EX74,2020,,,,445909.33,208141.71,True,,,,,,,,,,
20201EX75,15.0,6.0,0,,,EX75,2020,,,,445916.33,208096.71,True,,,,,,,,,,
20201EX76,19.0,8.0,8,,ts46392,EX76,2020,,,,445899.33,207993.71,True,4.0,0.31298833333333337,0.3427265765669516,4.0,56.0,346.19300000000004,0.331949,,,
20201EX78,25.0,10.0,0,ty69096,,EX78,2020,False,,5.0,446079.33,207964.71,True,2.0,0.52911,0.3936350776353276,4.0,40.0,308.915,0.41227725,,0.6,1178.7
20201EX84,,,0,,,EX84,2020,,,,446086.33,207856.71,False,,,,,,,,,,
20201EX9,15.0,9.0,7,,ty69001,EX9,2020,,,,445503.33,208584.71,True,,,,,,,,,,
20201EX91,29.0,7.0,7,z032661,tl38577,EX91,2020,False,,6.0,445759.33,207904.71,True,,,,,,,,,0.5,909.2
20201HE1,24.0,7.0,5,vz31222,tp27186,HE1,2020,True,C157,5.0,446508.21,206511.4,False,,,,,,,,356.4,0.7,445.3
20201MP12,19.0,7.0,0,,,MP12,2020,,,,448089.72,207730.76,True,,,,,,,,,,
20201MP2,23.0,6.0,0,tr42598,vz30572,MP2,2020,False,,5.0,447995.72,207860.76,True,,,,,,,,,0.5,346.5
20201MP20,19.0,6.0,5,,vz30800,MP20,2020,,,,448277.72,207566.76,True,1.0,,0.38597959116809116,2.0,38.0,382.727,0.4137792,,,
20201MP25,,,0,,ts47926,MP25,2020,,,,448397.72,207421.76,True,2.0,0.26291,0.3438228653846154,8.0,43.0,258.265,0.406208,,,
20201MP29,15.0,10.0,10,tv44566,vz33786,MP29,2020,True,SW129,6.0,448377.72,207353.76,True,3.0,0.41534000000000004,0.3800308504273504,0.0,52.0,221.14000000000001,0.3957495555555556,2215.4,0.4,345.7
20201MP34,15.0,7.0,6,ty70022,ty70024,MP34,2020,False,,6.0,448488.72,207295.76,True,2.0,0.31842,0.33529221438746437,8.0,46.0,177.749,0.399336125,,0.4,622.4
20201MP37,17.0,8.0,8,ts47913,tw41801,MP37,2020,True,MP20,5.0,448396.72,207260.76,True,,,,,,,,328.3,0.5,681.2
20201MP41,18.0,6.0,3,,vz32536,MP41,2020,,,,448487.72,207218.76,True,3.0,0.4440266666666666,0.40654255318138655,12.0,55.0,141.281,0.4476279444444445,,,
20201MP42,25.0,8.0,3,ts47968,te80990,MP42,2020,True,MP92,5.0,448447.72,207210.76,True,3.0,0.33581666666666665,0.3593645322886989,12.0,54.0,140.057,0.4087736111111111,861.6,0.4,487.4
20201MP47,40.0,5.0,0,,,MP47,2020,,,,448510.72,207193.76,False,,,,,,,,,,
20201MP48,18.0,8.0,6,vz32539,vz33789,MP48,2020,True,MP38,6.0,448556.72,207188.76,True,3.0,0.6016833333333333,0.39073091547958216,6.0,59.0,151.913,0.4264346944444445,130.6,0.5,288.1
20201MP50,18.0,8.0,0,,vz30901,MP50,2020,,,,448460.2,207118.29,True,1.0,,0.4380998561253561,6.0,39.0,108.499,0.4501328333333333,,,
20201MP52,19.0,5.0,0,,vs84272,MP52,2020,,,,448469.72,207074.76,True,,,,,,,,,,
20201MP57,13.0,8.0,8,vs84233,vs84264,MP57,2020,True,MP69,5.0,448512.72,207064.76,True,1.0,,0.39043071082621084,6.0,38.0,99.184,0.39631468333333336,104.2,0.6,284.6
20201MP58,13.0,7.0,6,vs84234,vz33794,MP58,2020,True,MP69,5.0,448488.72,207049.76,True,4.0,0.5181366666666667,0.36635057407407406,2.0,65.0,90.08500000000001,0.36622957083333335,94.2,0.6,287.1
20201MP6,23.0,8.0,5,vz32685,ty70158,MP6,2020,True,B27,6.0,448030.72,207795.76,True,,,,,,,,247.3,0.5,408.0
20201MP61,13.0,7.0,6,ty70013,vs84232,MP61,2020,False,,6.0,448589.72,207010.76,True,4.0,0.35581833333333335,0.33333398504273504,8.0,67.0,120.276,0.3636903791666667,,0.5,248.5
20201MP65,15.0,6.0,6,ty70009,ty70010,MP65,2020,False,,6.0,448602.72,206929.76,True,3.0,0.42194666666666664,0.3996142169990503,6.0,58.0,134.643,0.4155570055555556,,0.5,248.5
20201MP66,23.0,7.0,0,,,MP66,2020,,,,448621.72,206914.76,True,2.0,0.36706,0.40654045014245016,6.0,49.0,153.355,0.4239258166666667,,,
20201MP67,13.0,9.0,9,ty70023,vs84212,MP67,2020,False,,6.0,448468.72,207029.76,True,4.0,0.38389999999999996,0.3593076210826211,10.0,65.0,83.655,0.379482525,,0.5,248.5
20201MP68,12.0,9.0,9,vs84238,vs84227,MP68,2020,True,MP69,5.0,448478.72,206992.76,True,5.0,0.389786,0.35006786752136754,2.0,74.0,89.314,0.36254559999999997,52.0,0.6,297.6
20201MP69,9.0,7.0,7,vz33790,vz33791,MP69,2020,False,,6.0,448519.72,206960.76,True,1.0,,0.28186324643874644,2.0,40.0,97.773,0.28866939999999996,,0.5,248.5
20201MP70,19.0,6.0,0,,,MP70,2020,,,,448559.72,206926.76,True,,,,,,,,,,
20201MP71,7.0,8.0,8,,vz33795,MP71,2020,,,,448536.72,206873.76,True,3.0,0.4874666666666667,0.3891664074074074,4.0,58.0,143.669,0.38618793888888886,,,
20201MP73,10.0,9.0,9,,vs84206,MP73,2020,,,,448396.98,206917.97,True,3.0,0.28182,0.3495901932573599,4.0,57.0,136.804,0.35953977777777774,,,
20201MP75,13.0,8.0,8,ty70012,ty70021,MP75,2020,False,,6.0,448359.72,206990.76,True,3.0,0.33169,0.3773878855650522,6.0,55.0,125.697,0.38268057222222224,,0.5,288.1
20201MP76,12.0,9.0,7,,ty70011,MP76,2020,,,,448390.72,207004.76,True,1.0,,0.40194878205128204,0.0,37.0,103.975,0.4005022666666667,,,
20201MP77,15.0,10.0,10,vz30902,vz30598,MP77,2020,False,,6.0,448383.72,207042.76,True,2.0,0.26982,0.38737610398860395,8.0,46.0,109.691,0.40487917500000004,,0.4,261.8
20201MP80,17.0,8.0,2,,ty70078,MP80,2020,,,,448343.72,207270.76,True,,,,,,,,,,
20201MP84,16.0,10.0,8,ty70033,vs84123,MP84,2020,False,,6.0,448290.72,207471.76,False,,,,,,,,,0.4,723.0
20201MP87,19.0,9.0,9,te80906,ty70095,MP87,2020,True,B225,5.0,448221.72,207584.76,True,,,,,,,,555.0,0.6,917.3
20201MP89,21.0,10.0,0,,,MP89,2020,,,,448096.72,207648.76,True,,,,,,,,,,
20201MP93,19.0,8.0,7,ty70087,vs84062,MP93,2020,False,,5.0,448018.72,207967.76,True,,,,,,,,,0.5,346.5
20201MP96,25.0,9.0,7,vz30994,ts47904,MP96,2020,True,B11,5.0,447925.72,207923.76,True,4.0,0.3951883333333333,0.37383024750712246,0.0,65.0,360.974,0.3711975708333333,392.2,0.6,335.0
20201MP98,18.0,7.0,0,,,MP98,2020,,,,447817.72,207173.76,True,3.0,0.27349666666666667,0.34460299192782523,4.0,61.0,452.063,0.3416440111111111,,,
20201O105,20.0,7.0,6,vz31376,tw41898,O105,2020,False,,5.0,445697.33,207743.71,True,2.0,0.47065,0.37746469943019945,2.0,42.0,240.30700000000002,0.3487540666666667,,0.5,884.8
20201O107,22.0,10.0,10,vz32719,vz33113,O107,2020,True,SW109A,5.0,445709.33,207638.71,True,2.0,0.50982,0.38495802350427355,6.0,42.0,191.052,0.4426596583333334,662.9,0.6,940.2
20201O109,20.0,4.0,2,,tw41858,O109,2020,,,,445869.33,207566.71,True,1.0,,0.36803028774928775,2.0,33.0,186.857,0.4525851666666667,,,
20201O112,13.0,11.0,11,tw41856,vz33938,O112,2020,False,,6.0,445957.33,207531.71,True,,,,,,,,,0.6,997.4
20201O113,34.0,6.0,0,,,O113,2020,,,,445853.33,207841.75,False,,,,,,,,,,
20201O115,17.0,9.0,8,ty70701,tl38938,O115,2020,False,,6.0,445904.33,207703.71,True,1.0,,0.31634980199430196,0.0,30.0,206.05300000000003,0.35200891666666667,,0.7,1197.3
20201O21,14.0,9.0,9,vz33556,te80789,O21,2020,False,,6.0,445270.72,207991.76,True,3.0,0.35504,0.3581259178537512,6.0,50.0,181.822,0.34882786666666665,,0.6,232.5
20201O27,18.0,10.0,10,tw41625,ty70703,O27,2020,False,,5.0,445124.72,207881.76,True,1.0,,0.3317681695156695,2.0,32.0,197.06300000000002,0.36940406666666664,,0.6,232.5
20201O27A,21.0,10.0,0,,tw41870,O27A,2020,,,,445122.72,207833.76,True,2.0,0.25867,0.3670185548433048,8.0,43.0,200.2,0.40699586666666665,,,
20201O28,19.0,8.0,0,,,O28,2020,,,,445160.95,207823.54,True,3.0,0.3950633333333333,0.3877961001899335,4.0,52.0,182.102,0.38080292222222223,,,
20201O3,19.0,7.0,2,tl38436,vz33534,O3,2020,True,EX7,5.0,445269.72,208067.76,True,1.0,,0.38599523504273503,0.0,32.0,212.24,0.3805740666666667,523.7,0.7,629.6
20201O32,20.0,8.0,8,vz30799,ty70715,O32,2020,False,,6.0,445251.72,207852.76,True,2.0,0.23422,0.3632207485754986,4.0,43.0,164.85999999999999,0.3905449,,0.6,232.5
20201O36,20.0,9.0,5,tv44361,vz33559,O36,2020,True,O38A,6.0,445310.72,207766.76,True,5.0,0.44970699999999997,0.38442614786324786,2.0,71.0,167.829,0.3857541333333333,110.9,0.7,351.0
20201O38A,19.0,11.0,9,ty70704,ty70705,O38A,2020,False,,5.0,445296.72,207656.76,True,2.0,0.44416,0.3896594415954416,0.0,45.0,186.359,0.38915791666666666,,0.6,348.7
20201O40,24.0,8.0,8,ty70509,ts46391,O40,2020,False,,5.0,445462.72,207850.76,True,,,,,,,,,0.6,291.0
20201O48,25.0,7.0,0,,,O48,2020,,,,445470.72,207553.76,True,,,,,,,,,,
20201O50,17.0,12.0,11,vz32987,ty70759,O50,2020,True,O52,,445431.72,207610.76,True,2.0,0.26759,0.3597399330484331,2.0,47.0,194.878,0.367011775,77.1,0.6,495.2
20201O52,12.0,8.0,8,vj57893,tv44478,O52,2020,False,,6.0,445377.72,207665.76,True,3.0,0.41641333333333336,0.3694136025641026,6.0,55.0,186.676,0.3823270222222222,,0.6,348.7
20201O53,21.0,8.0,7,tr44766,tw41866,O53,2020,False,,6.0,445348.72,207698.76,True,1.0,,0.3889834245014245,0.0,36.0,176.753,0.40488956666666664,,0.6,348.7
20201O56,15.0,9.0,8,,ts44659,O56,2020,,,,445416.72,208003.76,True,2.0,0.56316,0.3669506745014245,0.0,41.0,259.196,0.3900084833333333,,,
20201O58,16.0,10.0,0,,,O58,2020,,,,445427.72,207495.76,True,1.0,,0.3805371253561254,0.0,38.0,238.666,0.3703254833333333,,,
20201O6,19.0,7.0,0,,,O6,2020,,,,445173.72,208103.76,True,2.0,0.41567,0.408143349002849,4.0,41.0,242.66099999999997,0.42809861666666665,,,
20201O65,37.0,6.0,0,,,O65,2020,,,,445533.33,207430.71,True,,,,,,,,,,
20201O66,14.0,9.0,9,,vj57892,O66,2020,,,,445582.33,207406.71,True,4.0,0.461465,0.39636599002849,4.0,60.0,265.56800000000004,0.40133564166666663,,,
20201O70,17.0,7.0,7,vz31363,ty70702,O70,2020,True,O13A,5.0,445581.33,207542.71,True,5.0,0.39706199999999997,0.35262140256410257,6.0,69.0,209.02399999999997,0.3662542333333333,754.8,0.6,321.7
20201O75,23.0,7.0,0,,tx42668,O75,2020,,,,445771.33,207166.71,True,1.0,,0.3512541239316239,0.0,32.0,434.726,0.30432413333333336,,,
20201O76,22.0,6.0,6,tw41861,tw77014,O76,2020,False,,5.0,445791.33,207210.71,True,,,,,,,,,0.5,888.3
20201O77,20.0,9.0,9,tp27192,tw77015,O77,2020,True,O78A,5.0,445712.33,207287.71,False,,,,,,,,94.8,0.5,884.8
20201O8,21.0,9.0,7,vz33619,ty69074,O8,2020,True,O18,5.0,445208.72,208155.8,True,1.0,,0.3225708974358974,0.0,32.0,270.866,0.31937593333333336,218.4,0.7,731.3
20201O80,19.0,8.0,7,,tw41868,O80,2020,,,,445811.33,207436.71,True,,,,,,,,,,
20201O81,14.0,17.0,0,,,O81,2020,,,,445780.33,207502.71,True,2.0,0.44165,0.3821548810541311,6.0,41.0,198.346,0.4228799416666667,,,
20201O82,37.0,9.0,0,,tr43254,O82,2020,,,,445805.33,207580.71,True,1.0,,0.37793130199430197,6.0,33.0,177.315,0.42658813333333334,,,
20201O86,23.0,8.0,7,tv44375,tw41860,O86,2020,True,SW122,6.0,445584.33,207655.71,True,,,,,,,,452.1,0.6,401.4
20201O93,18.0,10.0,6,tw41897,tw77013,O93,2020,False,,5.0,445912.33,207645.71,True,3.0,0.5578,0.395219081671415,4.0,51.0,197.08700000000002,0.3999838,,0.6,1086.7
20201O95,17.0,8.0,7,vz32585,tv44468,O95,2020,True,MP75,6.0,445955.33,207585.71,True,1.0,,0.4103560413105413,2.0,30.0,219.92,0.44564076666666663,2476.9,0.7,623.3
20201P14,17.0,9.0,8,vs84049,te80810,P14,2020,True,B63,5.0,447153.33,207568.71,True,2.0,0.31476,0.3755233511396011,6.0,39.0,253.31599999999997,0.41423337499999996,250.9,0.4,587.2
20201P17,19.0,9.0,4,tw41802,tw77017,P17,2020,False,,6.0,447006.33,207611.71,True,2.0,0.24395,0.34823710042735045,2.0,41.0,324.617,0.357721125,,0.19999999999999996,573.3
20201P19,33.0,2.0,0,,,P19,2020,,,,446914.33,207609.71,True,,,,,,,,,,
20201P2,18.0,7.0,7,,vz30892,P2,2020,,,,447207.33,207495.71,True,1.0,,0.35542184472934474,2.0,30.0,231.496,0.35949983333333335,,,
20201P22,30.0,6.0,0,,tw77187,P22,2020,,,,446823.33,207539.71,True,,,,,,,,,,
20201P5,18.0,7.0,5,ts47653,tv44297,P5,2020,True,SW44,,447227.33,207656.71,False,,,,,,,,574.8,0.5,500.1
20201P6,20.0,7.0,0,,,P6,2020,,,,447223.33,207763.71,True,,,,,,,,,,
20201P7,18.0,9.0,0,,vs84191,P7,2020,,,,447254.33,207742.71,True,2.0,0.26165,0.36025193803418804,0.0,38.0,315.813,0.37017195833333333,,,
20201SW1,22.0,7.0,6,ty69095,ty69085,SW1,2020,False,,5.0,446202.33,207910.71,True,2.0,0.34419,0.3453331495726496,0.0,39.0,305.005,0.3039805,,0.7,1505.1
20201SW103,21.0,9.0,0,ty68556,vz32753,SW103,2020,False,,5.0,446179.33,207147.71,True,,,,,,,,,0.4,629.7
20201SW105,25.0,7.0,0,,,SW105,2020,,,,446199.33,207046.71,True,,,,,,,,,,
20201SW112,16.0,8.0,0,,ty68507,SW112,2020,,,,445938.33,207159.71,True,,,,,,,,,,
20201SW116,14.0,10.0,0,,vz32708,SW116,2020,,,,446054.33,207257.71,True,,,,,,,,,,
20201SW119,13.0,8.0,0,,tw41854,SW119,2020,,,,446065.33,207348.71,True,,,,,,,,,,
20201SW127,26.0,7.0,0,,te80999,SW127,2020,,,,446100.33,207536.71,True,,,,,,,,,,
20201SW128,20.0,8.0,8,tw41650,tw77016,SW128,2020,False,,5.0,446154.33,207555.71,True,,,,,,,,,0.5,1200.8
20201SW131,17.0,8.0,8,tw77001,vs84251,SW131,2020,False,,6.0,446202.33,207594.71,True,2.0,0.33238,0.3604477086894587,2.0,38.0,316.602,0.36625108333333334,,0.6,1171.6
20201SW133,21.0,8.0,5,,vz32782,SW133,2020,,,,446261.33,207581.71,True,,,,,,,,,,
20201SW18,24.0,7.0,0,ts43477,,SW18,2020,False,,6.0,446358.33,207529.71,True,,,,,,,,,0.30000000000000004,1110.0
20201SW2,21.0,9.0,9,,tw77052,SW2,2020,,,,446216.33,207871.71,True,1.0,,0.38353857549857545,2.0,32.0,296.60900000000004,0.3858559166666667,,,
20201SW20,26.0,6.0,0,,,SW20,2020,,,,446401.33,207577.71,True,,,,,,,,,,
20201SW21,21.0,7.0,0,,,SW21,2020,,,,446420.33,207585.71,True,,,,,,,,,,
20201SW22,37.0,6.0,0,,,SW22,2020,,,,446461.33,207594.71,False,,,,,,,,,,
20201SW28,17.0,8.0,8,ts45460,tp27392,SW28,2020,True,SW1,6.0,446452.33,207484.71,True,3.0,0.37160333333333334,0.39782438793922126,4.0,50.0,459.554,0.4013704444444445,493.9,0.4,916.4
20201SW3,16.0,9.0,1,,tw77002,SW3,2020,,,,446241.33,207876.75,True,,,,,,,,,,
20201SW33,21.0,9.0,0,tr43216,ty68607,SW33,2020,True,O29,6.0,446328.33,207280.71,True,,,,,,,,1317.7,0.5,540.4
20201SW35,19.0,8.0,8,vz29148,tj26880,SW35,2020,True,C163,5.0,446381.33,207366.71,True,,,,,,,,630.9,0.4,745.6
20201SW39,26.0,6.0,2,,vz33751,SW39,2020,,,,446571.33,207393.71,True,,,,,,,,,,
20201SW46,27.0,7.0,6,vz30605,ta15788,SW46,2020,True,C133,6.0,446668.33,207455.71,True,4.0,0.395675,0.37560282834757835,6.0,61.0,445.396,0.36210375,812.3,0.30000000000000004,830.5
20201SW49A,22.0,11.0,0,,,SW49A,2020,,,,446674.33,207369.71,True,,,,,,,,,,
20201SW5,17.0,9.0,9,tj26850,vz30447,SW5,2020,True,C1,6.0,446320.98,207891.12,True,3.0,0.34052,0.3333888955365622,6.0,50.0,355.519,0.36513366666666663,953.6,0.7,1351.9
20201SW59,16.0,9.0,9,vz32978,vs84050,SW59,2020,True,B145,6.0,446847.33,207337.71,True,,,,,,,,699.0,0.30000000000000004,621.5
20201SW70,17.0,7.0,5,vz31906,vs84179,SW70,2020,True,EX62C,5.0,447032.33,207397.71,True,1.0,,0.3583157592592593,2.0,32.0,300.62399999999997,0.34208666666666665,1115.6,0.30000000000000004,495.8
20201SW73,20.0,9.0,8,vz31181,tr42800,SW73,2020,True,P7,5.0,447094.33,207298.71,True,1.0,,0.44845294586894585,0.0,33.0,325.505,0.4514465,471.9,0.5,690.5
20201SW76,16.0,8.0,8,tr43321,tr43320,SW76,2020,False,,5.0,447158.33,207352.75,True,2.0,0.31767,0.3273212998575498,0.0,39.0,275.781,0.32570941666666664,,0.4,565.1
20201SW82,20.0,8.0,8,,tw77050,SW82,2020,,,,447327.33,207376.71,True,,,,,,,,,,
20201SW86,18.0,9.0,7,vz30538,tr43323,SW86,2020,False,,6.0,447401.33,207319.71,True,,,,,,,,,0.4,507.1
20201SW9,22.0,7.0,7,tl38496,ty68555,SW9,2020,True,EX5A,5.0,446338.33,207737.71,True,,,,,,,,1084.8,0.6,1138.8
20201W100,15.0,9.0,9,tl38410,vz33930,W100,2020,True,EX38,5.0,445358.33,209039.71,True,1.0,,0.3602061153846154,0.0,32.0,159.753,0.3480181666666667,464.8,0.7,497.0
20201W103,25.0,6.0,1,,tw41888,W103,2020,,,,445304.33,209032.71,True,2.0,0.26087,0.3497037008547008,0.0,41.0,176.91199999999998,0.34981075,,,
20201W103A,21.0,8.0,0,,,W103A,2020,,,,445294.33,209015.71,True,3.0,0.3605933333333333,0.357394534662868,4.0,50.0,182.393,0.3597098888888889,,,
20201W105,17.0,6.0,4,vs83940,ty68014,W105,2020,False,,6.0,445237.33,208993.71,True,2.0,0.45451,0.39102291524216526,4.0,41.0,229.844,0.37788499999999997,,0.6,489.0
20201W12,17.0,8.0,8,,,W12,2020,,,,446105.33,209157.71,True,5.0,0.37676,0.37264970968660965,2.0,78.0,219.888,0.37986423999999996,,,
20201W18,18.0,8.0,7,,tw41822,W18,2020,,,,446247.33,209436.71,True,4.0,0.36515499999999995,0.3771497962962963,10.0,71.0,289.815,0.37184707083333335,,,
20201W19,20.0,9.0,0,,,W19,2020,,,,446231.33,209497.71,True,,,,,,,,,,
20201W21,20.0,9.0,4,tw41699,ty68010,W21,2020,False,,5.0,446206.33,209539.71,True,,,,,,,,,0.8,733.4
20201W22,19.0,7.0,7,ty68048,ty68011,W22,2020,False,,5.0,446164.33,209458.71,True,,,,,,,,,0.8,733.4
20201W24,16.0,9.0,9,tw41818,tw41884,W24,2020,False,,5.0,446185.33,209410.71,True,,,,,,,,,0.8,733.4
20201W29,15.0,8.0,7,tw41881,vz30524,W29,2020,False,,5.0,446124.33,209221.71,True,5.0,0.32761300000000004,0.36795173019943017,6.0,81.0,215.487,0.37263273,,0.9,330.5
20201W33,17.0,6.0,0,,,W33,2020,,,,446102.33,209511.71,True,,,,,,,,,,
20201W36,17.0,12.0,0,,,W36,2020,,,,446064.33,209374.71,True,,,,,,,,,,
20201W37,18.0,5.0,4,tl38650,,W37,2020,True,EX20,5.0,446046.33,209353.71,True,4.0,0.32380166666666665,0.34479283796296295,6.0,74.0,225.981,0.34779190416666667,330.5,0.9,366.8
20201W5,19.0,10.0,8,ty68185,ty68186,W5,2020,False,,5.0,446195.33,209187.71,True,,,,,,,,,0.6,795.8
20201W50,12.0,10.0,8,,vz30466,W50,2020,,,,445924.33,209323.71,True,,,,,,,,,,
20201W51,15.0,11.0,0,ty68004,tw41830,W51,2020,False,,5.0,445892.33,209413.75,True,,,,,,,,,0.7,391.3
20201W52,20.0,2.0,0,,,W52,2020,,,,445820.33,209385.71,True,,,,,,,,,,
20201W54,20.0,8.0,7,,vz33954,W54,2020,,,,446073.33,209473.71,True,,,,,,,,,,
20201W55,24.0,2.0,0,,,W55,2020,,,,446057.33,209470.71,False,,,,,,,,,,
20201W56,12.0,10.0,10,tw41833,vn56874,W56,2020,False,,5.0,445993.33,209438.71,True,3.0,0.4010066666666667,0.3602285042735043,6.0,66.0,257.88800000000003,0.37441085555555553,,0.8,348.6
20201W6,,,0,,,W6,2020,,,,446183.33,209156.71,True,,,,,,,,,,
20201W62,13.0,10.0,9,vz31814,tr43214,W62,2020,False,,6.0,445726.33,209377.71,True,5.0,0.369805,0.32273625669515665,8.0,76.0,227.541,0.3486413166666667,,0.7,399.6
20201W63,17.0,8.0,6,,tv44366,W63,2020,,,,445695.33,209336.71,True,,,,,,,,,,
20201W64,17.0,8.0,0,,tw41530,W64,2020,,,,445682.33,209306.71,True,3.0,0.5391033333333333,0.39762979154795824,2.0,57.0,204.738,0.38964105555555556,,,
20201W64A,15.0,9.0,0,,,W64A,2020,,,,445637.33,209270.71,True,,,,,,,,,,
20201W68,15.0,10.0,9,tw41831,tw41550,W68,2020,False,,5.0,445861.33,209327.71,True,3.0,0.30190999999999996,0.36301852326685663,6.0,64.0,199.503,0.3783073222222222,,0.7,391.3
20201W71,15.0,6.0,6,vz30247,vz30317,W71,2020,True,W25,6.0,445813.33,209236.71,True,3.0,0.5177466666666667,0.3677066685660019,6.0,62.0,187.43099999999998,0.3834386722222222,366.8,0.7,387.5
20201W74,19.0,9.0,8,,ts47681,W74,2020,,,,445800.33,209211.71,True,1.0,,0.41850816096866095,0.0,40.0,193.219,0.40155358333333335,,,
20201W75,16.0,10.0,10,tr42590,ty68013,W75,2020,False,,5.0,445667.33,209164.71,True,2.0,0.40029,0.38821370726495724,2.0,47.0,196.699,0.3930489833333334,,0.6,415.4
20201W77,16.0,7.0,7,ty68001,ty68002,W77,2020,False,,5.0,445609.33,209153.71,True,3.0,0.3307466666666667,0.36232317331434,2.0,54.0,197.46300000000002,0.3717843111111111,,0.4,466.6
20201W79,15.0,6.0,4,tl38562,tx42457,W79,2020,True,EX30,5.0,445684.33,209242.71,True,,,,,,,,476.7,0.7,395.0
20201W81,19.0,8.0,8,ty68012,vn85374,W81,2020,False,,6.0,445606.33,209304.71,True,,,,,,,,,0.6,415.4
20201W87,18.0,8.0,8,tl38623,tl38985,W87,2020,True,W103,5.0,445546.33,209292.71,True,,,,,,,,355.2,0.6,442.8
20201W92,21.0,6.0,5,tl38696,tw41889,W92,2020,False,,6.0,445495.33,209195.71,True,1.0,,0.34574130056980057,2.0,35.0,213.26799999999997,0.32397736666666666,,0.5,486.5
20201W95,13.0,9.0,9,vz29248,te80782,W95,2020,True,W60,6.0,445509.33,209118.71,True,3.0,0.16024666666666668,0.31693814339981,4.0,51.0,191.842,0.32310916666666667,462.9,0.6,492.4
20201W99A,23.0,7.0,5,vz31898,ty68195,W99A,2020,True,W58,5.0,445385.33,209013.71,True,2.0,0.19798,0.37428323005698005,4.0,41.0,158.682,0.3906514166666667,672.9,0.7,427.6
20202EX5,48.0,6.0,0,,,EX5,2020,,,,445483.33,208370.71,False,,,,,,,,,,
20211B108,22.0,8.0,6,vz33290,vz30775,B108,2021,False,,6.0,447807.72,207495.76,True,8.0,0.4612414285714285,0.36351568694812364,8.0,105.0,183.016,0.40049277083333334,,0.6,403.2
20211B119,30.0,7.0,7,ty69088,ty68281,B119,2021,True,SW2,5.0,447917.72,207770.76,True,3.0,0.3176466666666667,0.349834017844003,6.0,58.0,182.131,0.36335826111111114,1704.4,0.7,383.3
20211B137,19.0,7.0,6,ty70093,tw77193,B137,2021,True,MP76,5.0,447627.72,207477.76,True,,,,,,,,897.7,0.7,238.4
20211B14,30.0,5.0,5,tr43355,tw77053,B14,2021,False,,6.0,447778.72,207683.76,True,2.0,0.34613,0.3885188716887417,0.0,52.0,184.683,0.38914122916666666,,0.6,768.3
20211B144,,,0,,,B144,2021,,,,447505.72,207485.76,True,,,,,,,,,,
20211B161,,,0,,,B161,2021,,,,447430.72,207645.76,True,,,,,,,,,,
20211B162,26.0,7.0,0,,ty68078,B162,2021,,,,447425.72,207600.76,False,,,,,,,,,,
20211B163,19.0,4.0,0,,,B163,2021,,,,447469.72,207578.76,True,2.0,0.40198,0.40335423289183225,2.0,49.0,164.669,0.4060871,,,
20211B174,29.0,5.0,0,,,B174,2021,,,,447714.72,207418.76,True,2.0,0.52294,0.37656110209713023,4.0,50.0,171.283,0.4004732916666667,,,
20211B18,28.0,5.0,5,vz30961,tr43351,B18,2021,False,,6.0,447895.72,207732.76,True,2.0,0.39057,0.3758152290286976,4.0,53.0,188.846,0.3725685083333333,,0.5,620.7
20211B194,30.0,5.0,5,vz33297,vz33699,B194,2021,False,,5.0,447875.72,207960.76,True,1.0,,0.33230212251655633,2.0,41.0,210.731,0.34223756666666666,,0.7,832.6
20211B195,,,0,,,B195,2021,,,,447788.72,207914.76,False,,,,,,,,,,
20211B208,24.0,6.0,6,ty68248,vz33698,B208,2021,False,,5.0,447583.72,207817.76,True,2.0,0.40556,0.35326096026490067,2.0,46.0,200.41400000000002,0.37188091666666667,,0.6,218.5
20211B216,21.0,8.0,5,,ty69127,B216,2021,,,,447663.72,207776.76,True,4.0,0.595905,0.332130328504415,2.0,64.0,188.557,0.3684994583333333,,,
20211B226,15.0,7.0,6,vz33700,,B226,2021,False,,5.0,447840.72,208003.76,True,4.0,0.31970666666666664,0.3625245463576159,12.0,67.0,227.954,0.37887618333333334,,0.8,1068.4
20211B227,18.0,6.0,5,vs84262,ty70025,B227,2021,False,,6.0,447763.72,208100.76,True,5.0,0.35159599999999996,0.36380122770419426,8.0,76.0,306.084,0.37189664333333333,,0.7,795.3
20211B24,34.0,4.0,2,ty68426,ty68280,B24,2021,False,,6.0,447850.72,207818.76,True,,,,,,,,,0.6,685.6
20211B27,20.0,7.0,0,,,B27,2021,,,,447787.72,207749.76,True,,,,,,,,,,
20211B32,15.0,6.0,5,tw77004,vz33287,B32,2021,True,B4,5.0,447671.72,207612.76,True,2.0,0.31147,0.36525225082781454,8.0,51.0,151.98399999999998,0.3938856041666667,222.1,0.6,445.9
20211B35,,,0,,,B35,2021,,,,447668.72,207577.76,True,3.0,0.3055033333333333,0.3522187906548933,14.0,60.0,142.447,0.3833344722222222,,,
20211B36,23.0,8.0,5,ty68250,vz30536,B36,2021,False,,5.0,447687.72,207515.76,True,3.0,0.36616,0.3721839013980868,8.0,59.0,139.13899999999998,0.4115597222222222,,0.6,403.2
20211B39,23.0,7.0,5,vb55885,vz33687,B39,2021,True,B12,6.0,447589.54,207473.85,True,2.0,0.48692,0.38623737886313464,0.0,51.0,151.841,0.37286095416666665,244.0,0.7,456.3
20211B5,22.0,9.0,8,vz33282,vz32629,B5,2021,False,,6.0,447829.72,207426.76,True,3.0,0.5180566666666667,0.3653570158204562,10.0,60.0,211.821,0.4034877777777778,,0.6,403.2
20211B52,27.0,6.0,5,tw77194,ty68258,B52,2021,False,,5.0,447605.72,207641.76,False,,,,,,,,,0.4,336.0
20211B57,23.0,8.0,2,vz33298,tr42599,B57,2021,False,,6.0,447524.72,207609.76,True,2.0,0.30133,0.358486053807947,4.0,46.0,153.936,0.3649146833333333,,0.4,336.0
20211B58,33.0,4.0,0,,,B58,2021,,,,447502.72,207651.76,True,,,,,,,,,,
20211B60,30.0,8.0,3,te80930,,B60,2021,True,B8,6.0,447455.72,207705.76,True,5.0,0.33033999999999997,0.35751990750551876,4.0,77.0,172.43599999999998,0.35376555666666665,392.9,0.5,324.6
20211B62,64.0,5.0,0,,ty69125,B62,2021,,,,447393.72,207609.76,False,,,,,,,,,,
20211B62A,21.0,7.0,0,ty69126,ty69125,B62A,2021,False,,5.0,447393.72,207640.76,True,3.0,0.37055666666666665,0.34593561111111115,2.0,55.0,177.43099999999998,0.37986384444444443,,0.4,336.0
20211B63,29.0,7.0,0,,,B63,2021,,,,447403.72,207584.76,True,,,,,,,,,,
20211B70,24.0,11.0,9,vz33292,vz33285,B70,2021,False,,6.0,447547.72,207358.76,True,,,,,,,,,0.6,403.2
20211B72,28.0,7.0,0,,,B72,2021,,,,447604.72,207421.76,True,3.0,0.37035,0.3721116992273731,8.0,60.0,163.018,0.4015301583333334,,,
20211B76,20.0,7.0,4,tv44238,vz32977,B76,2021,True,B107,6.0,447677.72,207683.76,True,,,,,,,,249.1,0.7,504.2
20211B79,22.0,6.0,5,te80832,ty70197,B79,2021,True,B179,6.0,447443.72,207758.76,True,1.0,,0.3545108509933775,2.0,40.0,193.49200000000002,0.38046045,10.0,0.5,401.2
20211B85,,,0,,,B85,2021,,,,447637.72,207880.76,True,,,,,,,,,,
20211B86,8.0,6.0,0,,,B86,2021,,,,447683.72,207911.8,True,2.0,0.56626,0.39268118625827814,2.0,46.0,224.07399999999998,0.41267054999999997,,,
20211B87,24.0,9.0,4,,vz30547,B87,2021,,,,447722.72,207967.76,False,,,,,,,,,,
20211C1,28.0,6.0,4,,ty68506,C1,2021,,,,446340.33,206937.71,True,1.0,,0.3211720656732892,4.0,37.0,200.717,0.32738275,,,
20211C10,8.0,7.0,0,,,C10,2021,,,,446147.33,206622.71,True,3.0,0.3469499999999999,0.36121256401766005,8.0,50.0,290.63,0.3873675277777778,,,
20211C108,15.0,7.0,0,,ty68508,C108,2021,,,,446255.85,206653.78,True,3.0,0.39099,0.36605479764532745,8.0,50.0,244.353,0.3716883888888889,,,
20211C109,18.0,6.0,6,vz33112,vz32780,C109,2021,True,C9,6.0,446101.33,206667.71,True,1.0,,0.37604050331125827,2.0,32.0,296.067,0.4313584166666667,24.7,0.6,381.7
20211C112,,,0,,,C112,2021,,,,446254.33,206596.71,False,,,,,,,,,,
20211C117,18.0,6.0,0,,,C117,2021,,,,446435.72,206593.76,True,,,,,,,,,,
20211C12,8.0,9.0,0,te80791,,C12,2021,True,C61A,6.0,446248.33,206605.71,True,1.0,,0.3431490242825607,2.0,32.0,274.575,0.39028066666666666,390.9,0.5,436.8
20211C126,19.0,6.0,0,,ty68300,C126,2021,,,,446377.72,206815.76,True,,,,,,,,,,
20211C128,,,0,,,C128,2021,,,,446410.72,206785.76,False,,,,,,,,,,
20211C131,7.0,10.0,0,tw41847,,C131,2021,False,,6.0,446369.72,206673.76,True,,,,,,,,,0.5,456.4
20211C136,7.0,10.0,3,vz33158,te80994,C136,2021,False,,6.0,446430.72,206941.76,True,4.0,0.27225166666666667,0.3552343970750552,8.0,64.0,222.58200000000002,0.3539010083333333,,0.6,539.9
20211C148,8.0,9.0,5,tw41667,tl39678,C148,2021,False,,6.0,446652.33,206898.75,True,5.0,0.359001,0.34854537814569536,4.0,76.0,367.596,0.35765908333333335,,0.7,491.1
20211C161,32.0,7.0,4,pf71401,pf71399,C161,2021,False,,5.0,446247.33,206870.71,True,,,,,,,,,0.5,310.3
20211C163,,,0,,,C163,2021,,,,446174.33,206770.71,True,,,,,,,,,,
20211C19,18.0,8.0,0,,,C19,2021,,,,446464.72,206681.76,True,,,,,,,,,,
20211C20,16.0,7.0,3,ty68270,ty68292,C20,2021,False,,5.0,446430.72,206728.76,False,,,,,,,,,0.6,564.3
20211C24A,17.0,6.0,6,ty68537,tr43359,C24A,2021,True,C20,5.0,446376.72,206875.76,True,,,,,,,,156.6,0.7,667.6
20211C26,14.0,9.0,0,,,C26,2021,,,,446394.72,206812.76,True,2.0,0.32854,0.3426080753311258,2.0,44.0,212.686,0.33903246666666664,,,
20211C29,17.0,8.0,1,,ty70596,C29,2021,,,,446386.72,206715.76,True,,,,,,,,,,
20211C44,34.0,7.0,6,,pf71394,C44,2021,,,,446583.72,206987.76,False,,,,,,,,,,
20211C49,30.0,5.0,4,tw77191,pf71375,C49,2021,False,,6.0,446609.33,206852.71,False,,,,,,,,,0.7,491.1
20211C51,12.0,9.0,6,ty68296,ty68271,C51,2021,False,,5.0,446497.72,206774.76,True,2.0,0.41282,0.39852245557395144,2.0,44.0,264.783,0.384821375,,0.8,590.1
20211C53,,,0,,,C53,2021,,,,446554.72,206813.76,True,,,,,,,,,,
20211C56,16.0,9.0,7,ty69048,ty68275,C56,2021,True,SW5,5.0,446528.33,206888.71,False,,,,,,,,1023.6,0.7,378.6
20211C58,12.0,9.0,6,pf71400,,C58,2021,False,,6.0,446431.72,206991.76,True,,,,,,,,,0.6,539.9
20211C61A,27.0,8.0,8,ty68543,pf71362,C61A,2021,True,C20,5.0,446303.33,206992.71,True,3.0,0.5258433333333333,0.3804951539735099,4.0,53.0,206.71999999999997,0.40324463888888895,293.1,0.6,526.6
20211C62,19.0,6.0,3,vs84180,tw77111,C62,2021,True,SW25,6.0,446256.33,206910.71,True,1.0,,0.3238528217439293,0.0,31.0,210.054,0.3316195,686.2,0.7,491.1
20211C7,18.0,9.0,0,,,C7,2021,,,,446247.72,206686.76,True,,,,,,,,,,
20211CP1,35.0,6.0,0,,tr43344,CP1,2021,,,,446350.33,209195.71,True,,,,,,,,,,
20211CP10,58.0,5.0,0,,,CP10,2021,,,,446461.33,209131.71,False,,,,,,,,,,
20211CP11,,,0,,,CP11,2021,,,,446392.33,209100.71,True,,,,,,,,,,
20211CP13,17.0,7.0,0,,,CP13,2021,,,,446310.33,209078.71,True,5.0,0.404543,0.3795412226269316,10.0,85.0,218.61700000000002,0.37855344333333335,,,
20211CP15,30.0,5.0,0,,vz31676,CP15,2021,,,,446368.33,209033.71,True,,,,,,,,,,
20211CP18,19.0,6.0,0,,,CP18,2021,,,,446459.33,209073.71,True,4.0,0.36066333333333334,0.35423120226269317,6.0,75.0,251.5,0.3451307125,,,
20211CP20,18.0,8.0,6,,tw41875,CP20,2021,,,,446475.33,208953.71,True,2.0,0.46161,0.3500225482891832,4.0,57.0,264.44899999999996,0.337544275,,,
20211CP28,39.0,4.0,0,,ty68005,CP28,2021,,,,446614.33,209067.71,True,2.0,0.25773,0.34631949172185433,0.0,56.0,323.62399999999997,0.34679478333333336,,,
20211CP3,35.0,8.0,0,vz33690,ty68236,CP3,2021,False,,5.0,446370.33,209284.71,False,,,,,,,,,0.6,775.1
20211CP30,16.0,9.0,8,vz33694,ty69501,CP30,2021,False,,5.0,446639.33,208899.71,True,2.0,0.221,0.3489442607615894,0.0,54.0,327.832,0.35071406666666666,,0.4,584.7
20211CP35,21.0,8.0,8,,,CP35,2021,,,,446634.33,208808.71,True,,,,,,,,,,
20211CP37,22.0,6.0,0,,,CP37,2021,,,,446661.33,208737.71,False,,,,,,,,,,
20211CP38A,19.0,10.0,4,,ty69586,CP38A,2021,,,,446896.72,208471.76,False,,,,,,,,,,
20211CP4,45.0,4.0,0,,,CP4,2021,,,,446433.33,209284.71,False,,,,,,,,,,
20211CP40,18.0,7.0,5,ty68190,pf72102,CP40,2021,True,EX35,5.0,447072.72,208549.76,True,,,,,,,,1408.7,0.7,602.0
20211CP40A,13.0,11.0,5,pf72101,pf72103,CP40A,2021,False,,5.0,447114.72,208507.76,True,3.0,0.40376666666666666,0.3593149242089772,0.0,59.0,716.143,0.3432861611111111,,0.5,644.9
20211CP43,16.0,7.0,5,ty70180,ty69573,CP43,2021,True,B27,5.0,446948.72,208462.76,False,,,,,,,,1101.0,0.6,790.7
20211CP5A,23.0,8.0,7,vz29416,vz33862,CP5A,2021,True,W80,6.0,446402.33,209265.71,True,3.0,0.32849333333333336,0.34650691188373806,6.0,65.0,241.92600000000002,0.35960749999999997,698.0,0.7,800.8
20211CP7,23.0,12.0,0,vz31926,vz30566,CP7,2021,True,EX68,6.0,446544.33,209240.71,False,,,,,,,,1141.0,0.7,653.1
20211CP9,22.0,5.0,0,,,CP9,2021,,,,446486.33,209112.71,True,,,,,,,,,,
20211EX10,22.0,7.0,6,vz33676,ty70766,EX10,2021,False,,5.0,445473.33,208641.71,False,,,,,,,,,0.5,705.8
20211EX120,19.0,8.0,0,,vz29516,EX120,2021,,,,445349.71,208927.24,True,,,,,,,,,,
20211EX12A,23.0,4.0,0,,,EX12A,2021,,,,445480.33,208770.71,True,,,,,,,,,,
20211EX13,22.0,11.0,0,,,EX13,2021,,,,445382.33,208817.71,False,,,,,,,,,,
20211EX13A,19.0,6.0,4,pf72509,,EX13A,2021,False,,5.0,445305.33,208756.71,True,2.0,0.48444,0.3953740794701987,6.0,45.0,359.148,0.40125079166666666,,0.5,745.0
20211EX14,19.0,8.0,7,pf72510,vz30878,EX14,2021,False,,5.0,445451.33,208853.71,True,3.0,0.3169,0.3703618909124356,6.0,58.0,279.358,0.39019088888888886,,0.6,640.3
20211EX18A,11.0,10.0,8,tp27044,ty69007,EX18A,2021,True,CP25,6.0,445761.33,208957.71,True,3.0,0.39605666666666667,0.34855961571008093,6.0,59.0,297.459,0.3591829833333333,743.0,0.4,477.2
20211EX19,19.0,9.0,7,ts44699,vz33658,EX19,2021,True,W41,6.0,445807.33,209073.71,False,,,,,,,,432.9,0.4,500.8
20211EX2,18.0,9.0,7,ty69035,ty70531,EX2,2021,True,EX38A,5.0,445636.33,208384.71,True,,,,,,,,283.9,0.7,877.1
20211EX21,5.0,5.0,0,,ty68010,EX21,2021,,,,445992.33,209122.71,True,,,,,,,,,,
20211EX25,19.0,8.0,8,tw41850,vz31314,EX25,2021,False,,6.0,446123.33,208965.71,True,5.0,0.35573,0.33651851214128037,6.0,84.0,286.223,0.33801116666666664,,0.4,543.1
20211EX38A,17.0,9.0,0,,vz33877,EX38A,2021,,,,445669.33,208666.71,True,2.0,0.42496,0.3650739097682119,2.0,45.0,381.181,0.3592429583333333,,,
20211EX41A,17.0,11.0,5,vz33891,ty69008,EX41A,2021,False,,5.0,445755.33,208462.71,True,2.0,0.46716,0.3523796363134658,4.0,48.0,376.787,0.3845884416666666,,0.6,694.3
20211EX43,20.0,10.0,9,tr43330,ty68084,EX43,2021,False,,5.0,445912.33,208625.71,False,,,,,,,,,0.6,462.1
20211EX43C,31.0,5.0,0,,ty69075,EX43C,2021,,,,445982.36,208540.65,True,,,,,,,,,,
20211EX47,15.0,8.0,7,tp27216,tl38991,EX47,2021,True,EX41D,6.0,446112.33,208725.71,True,1.0,,0.402865809602649,6.0,42.0,314.794,0.4321891333333333,385.7,0.6,470.9
20211EX47A,64.0,7.0,6,tp27216,tl38991,EX47A,2021,True,EX41D,6.0,446150.33,208758.71,False,,,,,,,,435.8,0.6,455.9
20211EX49A,25.0,6.0,0,vz33887,vz33896,EX49A,2021,False,,5.0,446155.33,208632.71,True,3.0,0.33243666666666666,0.35865360246504785,2.0,60.0,284.673,0.3707996333333333,,0.6,381.6
20211EX5,29.0,6.0,5,vz31212,ty69373,EX5,2021,True,C63,6.0,445483.33,208370.71,False,,,,,,,,1623.0,0.4,392.0
20211EX51,21.0,8.0,7,vz29896,vs83950,EX51,2021,True,EX57,6.0,446397.33,208674.71,True,2.0,0.33063,0.3346600295253863,6.0,51.0,264.211,0.328621475,86.4,0.7,480.0
20211EX55,16.0,8.0,5,vz33544,ts70792,EX55,2021,False,,6.0,446634.33,208663.71,True,6.0,0.4736686666666667,0.37571397157836645,8.0,87.0,354.698,0.386620375,,0.5,730.1
20211EX57,18.0,9.0,9,pf72109,vz32698,EX57,2021,False,,5.0,446473.33,208633.71,True,4.0,0.3611,0.3542000328366446,8.0,68.0,279.813,0.3715084166666666,,0.6,381.6
20211EX58,19.0,2.0,0,,,EX58,2021,,,,446421.33,208586.71,True,,,,,,,,,,
20211EX5A,9.0,11.0,0,,,EX5A,2021,,,,445452.33,208363.71,True,1.0,,0.3242177273730684,4.0,36.0,378.93,0.3592206666666667,,,
20211EX60,19.0,8.0,7,ty69589,tw41877,EX60,2021,True,CP28,5.0,446331.33,208517.71,True,2.0,0.31298,0.3503776470750552,6.0,51.0,257.938,0.38142433333333337,618.5,0.7,302.6
20211EX62,23.0,11.0,0,,,EX62,2021,,,,446299.33,208425.71,True,2.0,0.35789,0.3931955242825607,2.0,51.0,264.63800000000003,0.40780995833333333,,,
20211EX62C,29.0,7.0,7,ty68266,tw77115,EX62C,2021,False,,5.0,446330.33,208264.71,True,4.0,0.40726666666666667,0.3683577095750552,8.0,70.0,313.508,0.38599945,,0.5,998.1
20211EX62E,23.0,10.0,10,ty68288,vz31891,EX62E,2021,False,,6.0,446325.53,208122.65,True,3.0,0.3722833333333333,0.353833472406181,2.0,62.0,330.19,0.3656443166666667,,0.30000000000000004,1083.3
20211EX62F,35.0,6.0,5,,vz33341,EX62F,2021,,,,446379.19,208094.35,True,2.0,0.37486,0.35115811258278146,2.0,53.0,352.25,0.3692098166666667,,,
20211EX62H,32.0,6.0,3,ty68584,ty70706,EX62H,2021,True,C136,5.0,446454.65,207990.58,False,,,,,,,,1049.1,0.5,1183.1
20211EX63,26.0,8.0,8,tw41613,tr43331,EX63,2021,False,,6.0,446234.33,208384.71,True,,,,,,,,,0.6,381.6
20211EX65,25.0,6.0,6,ty68290,tr43346,EX65,2021,False,,5.0,446127.33,208492.71,True,4.0,0.40197166666666667,0.3844183654801325,8.0,67.0,285.323,0.37130760416666664,,0.6,381.6
20211EX66,22.0,8.0,6,tw41622,pf72518,EX66,2021,False,,6.0,445877.75,208346.33,True,4.0,0.3357266666666667,0.34581902166114786,4.0,67.0,360.584,0.3467880291666667,,0.7,935.5
20211EX74,39.0,8.0,5,,ty69030,EX74,2021,,,,445909.33,208141.71,True,,,,,,,,,,
20211EX75,23.0,7.0,6,vz33899,vz33888,EX75,2021,False,,6.0,445916.33,208096.71,True,5.0,0.29821400000000003,0.3384959497792494,10.0,82.0,383.327,0.3628785333333333,,0.6,901.7
20211EX76,22.0,8.0,5,vz33890,tw41644,EX76,2021,False,,5.0,445899.33,207993.71,True,3.0,0.4500233333333334,0.3752430401030169,4.0,62.0,383.954,0.38564542777777777,,0.7,1107.6
20211EX78,33.0,7.0,7,tp27167,vz33884,EX78,2021,True,O61,6.0,446079.33,207964.71,True,,,,,,,,899.5,0.6,1254.0
20211EX84,24.0,8.0,6,vz31419,vz31418,EX84,2021,False,,6.0,446086.33,207856.71,False,,,,,,,,,0.5,1183.1
20211EX9,,,0,,,EX9,2021,,,,445503.33,208584.71,True,,,,,,,,,,
20211HE4,8.0,7.0,3,tw41852,vz30596,HE4,2021,False,,6.0,446660.3,206600.12,False,,,,,,,,,0.7,523.7
20211MP12,17.0,9.0,0,te80906,ty68332,MP12,2021,True,B225,6.0,448089.72,207730.76,True,3.0,0.3183333333333333,0.3563100463576159,8.0,63.0,245.46999999999997,0.35681989999999997,361.1,0.7,831.1
20211MP17,22.0,7.0,6,ty68256,ty70095,MP17,2021,False,,5.0,448199.72,207658.76,True,,,,,,,,,0.4,889.6
20211MP21,19.0,10.0,0,,vz30800,MP21,2021,,,,448294.72,207540.76,False,,,,,,,,,,
20211MP24,16.0,8.0,8,tv44566,ts47926,MP24,2021,True,SW129,6.0,448356.72,207411.76,True,,,,,,,,2189.7,0.6,339.6
20211MP33,,,0,,,MP33,2021,,,,448440.72,207343.76,True,,,,,,,,,,
20211MP34A,24.0,7.0,0,,,MP34A,2021,,,,448457.72,207302.76,True,4.0,0.41164,0.37058773054635763,12.0,64.0,217.371,0.3886575625,,,
20211MP36,31.0,7.0,7,ts47913,ty70076,MP36,2021,True,MP20,6.0,448372.72,207288.76,True,,,,,,,,293.8,0.6,813.6
20211MP38,28.0,3.0,0,,,MP38,2021,,,,448439.72,207246.76,True,,,,,,,,,,
20211MP39,23.0,5.0,4,vz33869,vz33865,MP39,2021,False,,5.0,448481.72,207255.76,True,,,,,,,,,0.5,709.6
20211MP41,14.0,7.0,0,vz33851,vz33856,MP41,2021,False,,6.0,448487.72,207218.76,True,,,,,,,,,0.5,709.6
20211MP42,24.0,6.0,5,ts47968,te80990,MP42,2021,True,MP92,6.0,448447.72,207210.76,True,3.0,0.29058,0.319406381714496,6.0,55.0,152.179,0.3197503611111111,861.6,0.6,345.2
20211MP47,,,0,,,MP47,2021,,,,448510.72,207193.76,True,,,,,,,,,,
20211MP48,9.0,7.0,6,ty70233,ty68301,MP48,2021,True,MP42,5.0,448556.72,207188.76,True,3.0,0.44559666666666664,0.3512731668506255,2.0,56.0,174.15,0.3573125277777778,111.2,0.6,311.8
20211MP51,16.0,6.0,6,ty68257,vs84123,MP51,2021,False,,5.0,448419.72,207113.76,True,2.0,0.33922,0.35199508830022075,6.0,45.0,124.276,0.39855675,,0.5,448.5
20211MP52,17.0,7.0,5,ty70118,vs84272,MP52,2021,True,MP77,5.0,448469.72,207074.76,True,2.0,0.34956,0.3986870951986755,4.0,45.0,108.40899999999999,0.4074626666666667,91.8,0.5,401.3
20211MP56,8.0,7.0,6,vz33859,vs84264,MP56,2021,False,,5.0,448559.72,207079.76,True,1.0,,0.3619253719646799,0.0,38.0,135.846,0.3633230833333333,,0.4,349.7
20211MP59,66.0,6.0,0,,,MP59,2021,,,,448553.24,207029.14,False,,,,,,,,,,
20211MP62,18.0,6.0,0,,,MP62,2021,,,,448542.72,206988.76,True,1.0,,0.3455865215231788,6.0,45.0,108.845,0.3777531333333333,,,
20211MP64,15.0,8.0,0,,vz33855,MP64,2021,,,,448605.72,206956.76,True,4.0,0.37633999999999995,0.3554899187362031,10.0,72.0,139.34,0.3646309375,,,
20211MP65,,,0,,,MP65,2021,,,,448602.72,206929.76,True,,,,,,,,,,
20211MP66,12.0,8.0,2,ty70009,vz30985,MP66,2021,False,,6.0,448621.72,206914.76,True,4.0,0.34708999999999995,0.3556207538631347,6.0,72.0,161.221,0.3450197625,,0.5,247.3
20211MP69,9.0,8.0,7,vs84238,vs84227,MP69,2021,True,MP69,6.0,448519.72,206960.76,True,3.0,0.48659,0.3596976227005151,2.0,63.0,104.047,0.38983618333333336,0.0,0.6,309.2
20211MP7,20.0,6.0,6,tr42598,vz30572,MP7,2021,False,,6.0,448037.72,207767.76,True,1.0,,0.27849501545253863,4.0,46.0,213.916,0.29185245,,0.6,713.6
20211MP71,13.0,7.0,7,ty68314,ty68263,MP71,2021,False,,6.0,448536.72,206873.76,True,6.0,0.3429766666666667,0.3506404374540103,6.0,90.0,144.917,0.350471925,,0.5,247.3
20211MP72,31.0,7.0,6,ty70056,ty69090,MP72,2021,True,MP75,5.0,448484.72,206908.76,True,4.0,0.29868666666666666,0.3406162693156733,6.0,73.0,121.231,0.352425125,149.5,0.6,271.8
20211MP73,15.0,7.0,7,vz33854,ty70021,MP73,2021,False,,5.0,448396.98,206917.97,True,5.0,0.31085799999999997,0.3440131492273731,12.0,80.0,146.683,0.37208146666666664,,0.5,397.4
20211MP76,2.0,11.0,2,ty70199,ty70011,MP76,2021,True,B205,5.0,448390.72,207004.76,True,2.0,0.30255,0.3454233297461369,10.0,50.0,121.35499999999999,0.37235382499999997,884.1,0.6,275.7
20211MP77,10.0,11.0,8,vz30902,vz30598,MP77,2021,False,,6.0,448383.72,207042.76,True,2.0,0.58315,0.32491062527593817,2.0,47.0,123.352,0.31727370833333335,,0.4,349.7
20211MP78,,,0,,,MP78,2021,,,,448423.72,207060.76,True,4.0,0.39963333333333334,0.3698139757174393,12.0,65.0,108.60799999999999,0.39390540416666664,,,
20211MP80,19.0,7.0,6,ty68368,ty70078,MP80,2021,False,,6.0,448343.72,207270.76,True,4.0,0.38642166666666666,0.36556449806843266,6.0,64.0,223.39499999999998,0.36936368750000004,,0.4,738.7
20211MP89,24.0,9.0,9,,ty68249,MP89,2021,,,,448096.72,207648.76,False,,,,,,,,,,
20211MP90,15.0,6.0,5,tw77032,ty68333,MP90,2021,True,B11,5.0,448077.72,207710.76,True,4.0,0.44357500000000005,0.364103132312362,10.0,72.0,241.25799999999998,0.34411135625,356.4,0.7,832.6
20211MP91,26.0,6.0,6,ty68279,ty70158,MP91,2021,False,,5.0,447955.72,207914.76,True,,,,,,,,,0.6,713.6
20211MP92,23.0,7.0,7,vz30994,vz33299,MP92,2021,True,B11,6.0,447983.72,207936.76,True,5.0,0.33589199999999997,0.33953641710816773,8.0,77.0,222.429,0.33770321000000003,432.4,0.7,807.3
20211MP93,27.0,6.0,6,,vs84062,MP93,2021,,,,448018.72,207967.76,True,,,,,,,,,,
20211MP95,,,0,,,MP95,2021,,,,447941.72,207986.76,True,,,,,,,,,,
20211MP98,22.0,7.0,0,,,MP98,2021,,,,447817.72,207173.76,True,3.0,0.36572333333333334,0.34400058793230315,2.0,62.0,354.393,0.34017380555555554,,,
20211O107,18.0,7.0,5,,tw41898,O107,2021,,,,445709.33,207638.71,True,3.0,0.31522333333333336,0.36573591721854304,8.0,59.0,314.363,0.3832358888888889,,,
20211O112,16.0,7.0,7,ty70575,tw41858,O112,2021,True,O86,5.0,445957.33,207531.71,True,3.0,0.4737533333333333,0.3554962573583518,6.0,59.0,287.571,0.3821631111111111,393.1,1.0,
20211O115,22.0,11.0,11,ty70701,tl38938,O115,2021,False,,6.0,445904.33,207703.71,True,,,,,,,,,0.6,767.9
20211O118,27.0,11.0,10,ty69096,,O118,2021,False,,6.0,446026.33,207781.71,True,4.0,0.4453583333333333,0.38468626048565124,4.0,72.0,331.17600000000004,0.39651735,,0.6,929.0
20211O12,16.0,10.0,9,tr43207,,O12,2021,True,O27A,6.0,445404.72,208227.76,True,2.0,0.45307,0.36272872737306844,6.0,47.0,358.207,0.362321675,484.5,0.30000000000000004,539.1
20211O13,75.0,1.0,0,,,O13,2021,,,,445364.72,208273.76,False,,,,,,,,,,
20211O18,19.0,7.0,3,vz31037,ty68155,O18,2021,True,EX75A,6.0,445339.57,207980.91,True,1.0,,0.3595548410596026,0.0,36.0,303.686,0.400918,551.3,0.30000000000000004,553.6
20211O241,41.0,8.0,7,,pf71202,O241,2021,,,,445509.33,207730.71,False,,,,,,,,,,
20211O27A,22.0,8.0,8,,,O27A,2021,,,,445122.72,207833.76,False,,,,,,,,,,
20211O28,22.0,6.0,6,vz33551,ty69311,O28,2021,False,,6.0,445160.95,207823.54,False,,,,,,,,,0.30000000000000004,400.5
20211O3,18.0,11.0,9,tl38436,ty69305,O3,2021,True,EX7,6.0,445269.72,208067.76,True,2.0,0.30197,0.34735420171081677,2.0,45.0,359.84299999999996,0.36341875,523.7,0.19999999999999996,523.3
20211O30,15.0,10.0,8,tv44361,te80789,O30,2021,True,O38A,6.0,445291.72,207960.76,True,6.0,0.4512333333333333,0.3869860904157469,2.0,81.0,310.34000000000003,0.38570180555555555,304.0,0.30000000000000004,588.9
20211O34,30.0,9.0,9,tw41625,ty69382,O34,2021,False,,6.0,445302.72,207803.76,True,2.0,0.23296,0.35839584685430464,2.0,45.0,310.209,0.35904108333333334,,0.4,386.5
20211O38,27.0,8.0,5,,vn56886,O38,2021,,,,445313.72,207707.76,False,,,,,,,,,,
20211O40,55.0,6.0,0,,,O40,2021,,,,445462.72,207850.76,False,,,,,,,,,,
20211O44,21.0,9.0,0,,,O44,2021,,,,445380.72,207931.76,True,2.0,0.24979,0.35615331705298015,2.0,45.0,296.962,0.37358125000000003,,,
20211O48,15.0,7.0,2,vj57893,tv44478,O48,2021,False,,6.0,445470.72,207553.76,True,3.0,0.41722333333333333,0.37385854231052246,6.0,57.0,295.504,0.40423608333333333,,0.6,342.4
20211O57,29.0,7.0,0,,ty69374,O57,2021,,,,445453.72,208114.76,True,,,,,,,,,,
20211O58,16.0,10.0,10,tr43342,ty70759,O58,2021,False,,6.0,445427.72,207495.76,True,3.0,0.28937666666666667,0.3304920423105224,14.0,58.0,313.211,0.35920555555555556,,0.6,342.4
20211O60,19.0,8.0,0,,,O60,2021,,,,445324.72,207450.76,True,2.0,0.35488,0.3520466098233996,12.0,49.0,377.02799999999996,0.3866354166666667,,,
20211O62,45.0,6.0,6,ty70564,ty68635,O62,2021,True,O50,5.0,445323.72,207872.76,False,,,,,,,,283.4,0.4,420.0
20211O64,22.0,6.0,6,vz33895,ty68546,O64,2021,False,,5.0,445472.72,207440.76,False,,,,,,,,,0.6,364.7
20211O66,8.0,10.0,0,vz32983,tw41895,O66,2021,True,O52,6.0,445582.33,207406.71,True,1.0,,0.34295791169977924,8.0,38.0,288.94,0.36058375000000004,330.1,0.8,422.6
20211O7,20.0,8.0,0,vz33619,ty69312,O7,2021,True,O18,6.0,445203.72,208133.76,True,,,,,,,,204.5,0.30000000000000004,579.1
20211O71,13.0,8.0,2,,ty69301,O71,2021,,,,445601.33,207494.71,True,,,,,,,,,,
20211O75B,,,0,,,O75B,2021,,,,445871.33,207127.71,True,,,,,,,,,,
20211O75C,21.0,7.0,5,vz31403,vz31401,O75C,2021,False,,5.0,445833.33,207103.71,True,2.0,0.33079,0.3385865380794702,0.0,45.0,284.448,0.34571816666666666,,0.5,388.5
20211O75D,18.0,10.0,3,,tw77016,O75D,2021,,,,445894.33,207084.71,True,3.0,0.28297666666666665,0.3287786791758646,6.0,54.0,272.012,0.32071347222222224,,,
20211O76,34.0,1.0,0,,,O76,2021,,,,445791.33,207210.71,True,2.0,0.299,0.34119753973509936,4.0,46.0,268.71799999999996,0.36565291666666666,,,
20211O77,19.0,7.0,6,ty70249,tw77015,O77,2021,False,,5.0,445712.33,207287.71,True,4.0,0.4092716666666667,0.3694674205298013,4.0,66.0,285.665,0.34949183333333333,,0.7,391.8
20211O78,,,0,,,O78,2021,,,,445747.33,207342.71,True,,,,,,,,,,
20211O8,33.0,1.0,0,,,O8,2021,,,,445208.72,208155.8,True,,,,,,,,,,
20211O83,21.0,8.0,7,vz31466,vz33113,O83,2021,False,,5.0,445788.33,207625.71,True,3.0,0.47967666666666675,0.39307950901398087,8.0,59.0,305.466,0.400953,,0.7,391.8
20211O86,24.0,9.0,7,tv44375,tw41860,O86,2021,True,SW122,6.0,445584.33,207655.71,False,,,,,,,,452.1,0.8,306.8
20211O94,22.0,5.0,2,tw41897,tv44468,O94,2021,False,,6.0,445958.33,207605.71,True,,,,,,,,,0.8,422.6
20211P102,33.0,4.0,4,,ty68253,P102,2021,,,,447049.33,207462.71,True,,,,,,,,,,
20211P11,26.0,7.0,7,,vz30892,P11,2021,,,,447292.33,207556.71,True,5.0,0.356394,0.35915045342163354,4.0,79.0,200.42000000000002,0.36908774666666666,,,
20211P12,24.0,3.0,0,,,P12,2021,,,,447234.33,207532.71,True,2.0,0.37717,0.3804621901214128,6.0,57.0,213.873,0.3904350833333333,,,
20211P18,43.0,10.0,0,,tw77017,P18,2021,,,,446946.33,207593.71,False,,,,,,,,,,
20211P5,35.0,6.0,5,,tv44297,P5,2021,,,,447227.33,207656.71,True,,,,,,,,,,
20211P6,18.0,9.0,9,vz33661,vs84191,P6,2021,False,,5.0,447223.33,207763.71,True,3.0,0.39107000000000003,0.37132570272259013,8.0,58.0,293.839,0.3955328777777778,,0.5,402.3
20211P7,,,0,,,P7,2021,,,,447254.33,207742.71,True,,,,,,,,,,
20211P9,,,0,,,P9,2021,,,,447314.33,207802.71,True,,,,,,,,,,
20211SW1,21.0,10.0,9,tl38908,ty69003,SW1,2021,True,EX120,6.0,446202.33,207910.71,True,,,,,,,,1326.8,0.5,1127.5
20211SW101,24.0,8.0,7,vz32966,pf71359,SW101,2021,True,SW35,6.0,446187.33,207225.71,True,,,,,,,,239.8,0.6,709.2
20211SW102,,,0,,,SW102,2021,,,,446220.33,207169.71,True,2.0,0.1887,0.32078736561810156,4.0,45.0,214.23899999999998,0.3092761666666667,,,
20211SW103,26.0,6.0,0,,,SW103,2021,,,,446179.33,207147.71,False,,,,,,,,,,
20211SW107,25.0,6.0,6,pf71360,vz33149,SW107,2021,False,,5.0,446138.33,207049.71,True,2.0,0.45664,0.38471639348785874,2.0,44.0,231.60500000000002,0.37317325,,0.5,538.7
20211SW109,27.0,7.0,0,,,SW109,2021,,,,446096.33,207150.71,True,,,,,,,,,,
20211SW114,10.0,3.0,0,,tw41854,SW114,2021,,,,446053.33,207204.71,True,3.0,0.3690866666666666,0.3718849398454746,4.0,55.0,223.853,0.3799238888888889,,,
20211SW116,20.0,7.0,6,vz31405,vz33685,SW116,2021,False,,5.0,446054.33,207257.71,True,,,,,,,,,0.6,560.9
20211SW119,24.0,6.0,3,,vz33673,SW119,2021,,,,446065.33,207348.71,True,2.0,0.45762,0.3620594630242826,8.0,48.0,233.60399999999998,0.391076875,,,
20211SW121,16.0,13.0,10,,vz33329,SW121,2021,,,,446035.33,207357.71,True,3.0,0.31621,0.35375336000735835,10.0,56.0,241.964,0.3622804722222222,,,
20211SW126,23.0,6.0,4,,ty68217,SW126,2021,,,,446067.33,207514.71,True,,,,,,,,,,
20211SW130,20.0,9.0,9,tw41650,ty68607,SW130,2021,False,,6.0,446195.33,207551.71,True,,,,,,,,,0.5,968.6
20211SW133,19.0,9.0,0,tw77001,ty68283,SW133,2021,False,,6.0,446261.33,207581.71,True,,,,,,,,,0.30000000000000004,926.5
20211SW16,25.0,8.0,7,vz33684,vz32782,SW16,2021,False,,6.0,446260.33,207485.71,True,4.0,0.35653666666666667,0.33640409878587196,14.0,64.0,245.72899999999998,0.35501558333333333,,0.4,686.8
20211SW18,19.0,8.0,5,ty68576,tw77069,SW18,2021,True,C61A,5.0,446358.33,207529.71,True,2.0,0.40132,0.36531817163355407,10.0,48.0,256.789,0.376796125,539.8,0.4,927.6
20211SW19,,,0,,,SW19,2021,,,,446366.33,207552.71,True,,,,,,,,,,
20211SW21,31.0,7.0,7,,vz33683,SW21,2021,,,,446420.33,207585.71,True,,,,,,,,,,
20211SW23,22.0,8.0,0,,,SW23,2021,,,,446500.33,207602.71,True,,,,,,,,,,
20211SW24,,,0,,,SW24,2021,,,,446523.33,207554.71,False,,,,,,,,,,
20211SW27,31.0,4.0,4,,vz31497,SW27,2021,,,,446425.33,207512.71,True,,,,,,,,,,
20211SW3,27.0,6.0,6,vz30822,tw77052,SW3,2021,True,CP24,6.0,446241.33,207876.75,True,,,,,,,,1096.6,0.5,1173.6
20211SW30,20.0,5.0,0,ts45460,vz33751,SW30,2021,True,SW1,6.0,446515.33,207463.71,True,1.0,,0.3199006020971302,2.0,39.0,279.289,0.32216791666666666,545.7,0.4,704.4
20211SW31,27.0,1.0,0,,,SW31,2021,,,,446510.33,207427.71,True,,,,,,,,,,
20211SW32,17.0,7.0,0,,,SW32,2021,,,,446283.33,207228.71,True,3.0,0.3597166666666667,0.3994116607799853,8.0,55.0,226.129,0.4022435277777777,,,
20211SW33,,,0,,,SW33,2021,,,,446328.33,207280.71,True,,,,,,,,,,
20211SW34,22.0,7.0,7,tr43216,tj26880,SW34,2021,True,O29,6.0,446359.33,207328.71,True,3.0,0.32470666666666664,0.3554031247240618,12.0,56.0,234.402,0.3678593888888889,1317.7,0.5,497.7
20211SW38,23.0,6.0,6,vz33667,vz31402,SW38,2021,False,,5.0,446503.33,207381.71,True,2.0,0.36022,0.3723349180463576,0.0,48.0,272.15500000000003,0.34910820833333334,,0.30000000000000004,681.7
20211SW45,,,0,,,SW45,2021,,,,446699.33,207483.71,True,,,,,,,,,,
20211SW49,23.0,8.0,7,vz32978,ta15788,SW49,2021,True,B145,6.0,446666.33,207376.71,True,4.0,0.4016216666666667,0.3784468761037527,8.0,71.0,332.409,0.3864285125,869.9,0.5,738.7
20211SW51,34.0,8.0,8,tw77124,tw77187,SW51,2021,True,SW59,5.0,446734.33,207470.71,True,,,,,,,,174.5,0.4,912.2
20211SW6,20.0,8.0,5,ty70082,vz30447,SW6,2021,True,B192,6.0,446327.33,207836.71,True,3.0,0.4533133333333333,0.35899275423105226,6.0,59.0,340.135,0.36449569444444446,1507.7,0.4,999.4
20211SW60,25.0,9.0,8,ty68269,ty69024,SW60,2021,False,,5.0,446894.33,207300.71,True,3.0,0.32083333333333336,0.3489839304635762,0.0,63.0,348.831,0.3532190111111111,,0.4,841.2
20211SW70,21.0,7.0,7,vz31906,vs84179,SW70,2021,True,EX62C,6.0,447032.33,207397.71,True,3.0,0.5651700000000001,0.3684963859455482,6.0,66.0,282.739,0.3751604055555556,1115.6,0.6,495.8
20211SW72,28.0,9.0,0,,,SW72,2021,,,,447082.33,207381.71,True,5.0,0.42298099999999994,0.3774483122516556,10.0,84.0,266.137,0.3656973566666667,,,
20211SW76,27.0,7.0,7,vz33688,tr43320,SW76,2021,False,,6.0,447158.33,207352.75,True,5.0,0.382264,0.37197762825607067,6.0,80.0,248.993,0.3666452,,0.5,564.9
20211SW82,33.0,0.0,0,,,SW82,2021,,,,447327.33,207376.71,True,1.0,,0.3176606484547461,4.0,43.0,218.377,0.35778513333333334,,,
20211SW83,17.0,8.0,1,,tr43323,SW83,2021,,,,447438.33,207316.71,True,5.0,0.394413,0.37257163002207505,8.0,75.0,233.978,0.3701201866666667,,,
20211SW9,30.0,7.0,7,tl38496,ty68555,SW9,2021,True,EX5A,6.0,446338.33,207737.71,True,3.0,0.30800999999999995,0.35231364661515824,0.0,57.0,319.28200000000004,0.34505694444444446,1084.8,0.5,1104.0
20211SW90,20.0,4.0,0,,,SW90,2021,,,,447512.33,207309.71,True,1.0,,0.3560641705298013,4.0,38.0,231.202,0.34809166666666663,,,
20211W100,16.0,8.0,5,tl38410,tw41888,W100,2021,True,EX38,6.0,445358.33,209039.71,True,4.0,0.41270999999999997,0.359525545115894,16.0,71.0,231.20999999999998,0.3915175,464.8,0.6,591.6
20211W102,19.0,8.0,6,vz30533,vz29859,W102,2021,False,,6.0,445323.33,209040.71,True,3.0,0.3136366666666666,0.3367691766004415,2.0,62.0,246.50300000000001,0.34203730555555556,,0.5,566.3
20211W104,25.0,5.0,3,ty68852,,W104,2021,False,,5.0,445273.33,208998.71,True,2.0,0.39506,0.3735968669977925,2.0,53.0,285.177,0.38504725,,0.6,600.1
20211W11,21.0,7.0,4,,tr43345,W11,2021,,,,446051.33,209146.71,False,,,,,,,,,,
20211W12,28.0,8.0,8,tl38664,ty68265,W12,2021,True,W99,6.0,446105.33,209157.71,True,5.0,0.384733,0.3663678926048565,10.0,85.0,194.41,0.35162064666666665,732.9,0.7,449.9
20211W16,18.0,9.0,0,,,W16,2021,,,,446212.33,209362.71,True,3.0,0.46386666666666665,0.3640526808314937,8.0,68.0,166.911,0.37904772222222227,,,
20211W17,23.0,9.0,9,tw41879,tw41822,W17,2021,False,,6.0,446242.33,209395.71,True,3.0,0.31271999999999994,0.3423580206033849,14.0,68.0,185.307,0.35682807222222224,,0.7,653.1
20211W20,,,0,,,W20,2021,,,,446229.33,209534.71,False,,,,,,,,,,
20211W21,23.0,8.0,8,ty68817,vz31107,W21,2021,False,,5.0,446206.33,209539.71,True,5.0,0.501236,0.37548059613686535,10.0,80.0,252.70099999999996,0.3940003166666667,,0.7,653.1
20211W23,20.0,9.0,8,ty68048,tw41819,W23,2021,False,,6.0,446199.33,209475.71,False,,,,,,,,,0.7,653.1
20211W25,20.0,6.0,4,,vz30524,W25,2021,,,,446156.33,209366.71,True,,,,,,,,,,
20211W28,20.0,6.0,6,vz33691,ty69576,W28,2021,False,,4.0,446109.33,209245.71,True,3.0,0.4484633333333334,0.3849128419793966,4.0,63.0,161.19099999999997,0.36390443333333333,,0.8,630.7
20211W29,,,0,,,W29,2021,,,,446124.33,209221.71,True,,,,,,,,,,
20211W36,27.0,8.0,7,,ty68824,W36,2021,,,,446064.33,209374.71,True,,,,,,,,,,
20211W37,5.0,8.0,6,tr43332,ty69018,W37,2021,False,,6.0,446046.33,209353.71,True,3.0,0.31093333333333334,0.3500701190213392,2.0,64.0,142.982,0.3555526333333333,,0.8,630.7
20211W40,23.0,10.0,7,vz31866,ty70242,W40,2021,False,,6.0,446045.33,209413.75,True,4.0,0.42212333333333335,0.3589885758830022,16.0,73.0,148.922,0.3535298,,0.8,630.7
20211W42,20.0,7.0,3,,ty68762,W42,2021,,,,445967.33,209346.71,True,2.0,0.37001,0.36334505546357615,4.0,51.0,142.871,0.36310105,,,
20211W43,13.0,8.0,0,,,W43,2021,,,,445941.33,209362.71,True,1.0,,0.3458990485651214,4.0,41.0,147.217,0.33091393333333335,,,
20211W4B,16.0,8.0,0,,,W4B,2021,,,,446257.33,209228.71,True,4.0,0.500745,0.339694741307947,12.0,77.0,179.009,0.3486754166666667,,,
20211W5,22.0,9.0,8,ty68169,pf72567,W5,2021,True,W75,5.0,446195.33,209187.71,True,4.0,0.30831333333333333,0.3286861959161148,10.0,78.0,176.93699999999998,0.3346058708333333,528.5,0.8,715.4
20211W51,13.0,3.0,0,,,W51,2021,,,,445892.33,209413.75,True,4.0,0.39627833333333334,0.34699854994481233,20.0,68.0,172.28900000000002,0.3516575666666667,,,
20211W55,15.0,9.0,9,ty68720,vz33954,W55,2021,False,,5.0,446057.33,209470.71,True,4.0,0.30307666666666666,0.34518855891280353,12.0,73.0,173.85,0.34437290416666666,,0.8,630.7
20211W56,27.0,3.0,0,,,W56,2021,,,,445993.33,209438.71,True,,,,,,,,,,
20211W62,25.0,9.0,6,,tr43214,W62,2021,,,,445726.33,209377.71,True,,,,,,,,,,
20211W64,22.0,6.0,6,vs83969,tv44366,W64,2021,True,W104,6.0,445682.33,209306.71,True,3.0,0.4208233333333333,0.3792441256438558,2.0,64.0,133.956,0.3882191888888889,512.0,0.5,466.4
20211W64A,14.0,7.0,7,vz29510,tl38985,W64A,2021,True,EX19A,6.0,445637.33,209270.71,True,3.0,0.3207166666666667,0.3319845901398087,8.0,64.0,135.23,0.32168480555555556,330.1,0.5,502.8
20211W66,19.0,9.0,8,ty68741,vz30466,W66,2021,False,,5.0,445757.33,209361.71,True,,,,,,,,,0.4,474.0
20211W67,20.0,8.0,8,ty68740,tr43364,W67,2021,False,,5.0,445819.33,209351.71,True,,,,,,,,,0.6,457.8
20211W69,7.0,7.0,6,ty68701,tr42592,W69,2021,False,,6.0,445872.33,209243.71,True,5.0,0.357129,0.3480016089403974,4.0,76.0,164.075,0.34161454999999996,,0.4,449.1
20211W73,29.0,6.0,6,,tr43329,W73,2021,,,,445791.33,209253.71,True,1.0,,0.3493972201986755,0.0,43.0,140.653,0.3324318,,,
20211W74,14.0,9.0,6,vz30247,ty68173,W74,2021,True,W25,6.0,445800.33,209211.71,True,1.0,,0.36586695584988965,2.0,42.0,153.291,0.38953845,388.3,0.5,461.3
20211W75,16.0,8.0,3,tl38562,tw77199,W75,2021,True,EX30,6.0,445667.33,209164.71,True,4.0,0.377385,0.3592454105960265,2.0,72.0,148.725,0.35713676250000004,430.8,0.4,474.4
20211W77,17.0,8.0,6,ty68001,te80782,W77,2021,False,,6.0,445609.33,209153.71,True,3.0,0.3231733333333333,0.3538136613318617,0.0,60.0,171.728,0.34178705555555555,,0.30000000000000004,503.5
20211W79,13.0,8.0,7,ty68197,ty68013,W79,2021,True,W21,5.0,445684.33,209242.71,True,,,,,,,,600.6,0.5,448.7
20211W80,25.0,7.0,7,tr43333,ts47681,W80,2021,False,,5.0,445704.33,209263.71,True,4.0,0.417335,0.3691037396523179,8.0,73.0,124.003,0.370666375,,0.4,474.0
20211W81,19.0,9.0,7,vz33280,vn85374,W81,2021,False,,6.0,445606.33,209304.71,True,6.0,0.4344,0.3635878799668874,14.0,91.0,157.922,0.3798479861111111,,0.4,474.0
20211W84,16.0,7.0,0,,ty68161,W84,2021,,,,445572.33,209301.71,True,,,,,,,,,,
20211W87,16.0,6.0,6,ty68090,ty68708,W87,2021,True,W29,5.0,445546.33,209292.71,True,3.0,0.4080166666666667,0.3710334229212656,4.0,61.0,193.292,0.370602,582.3,0.5,510.8
20211W92,11.0,6.0,4,tl38696,tw41889,W92,2021,False,,6.0,445495.33,209195.71,True,,,,,,,,,0.19999999999999996,534.2
20211W96,,,0,,,W96,2021,,,,445493.33,209137.71,True,,,,,,,,,,
20211W98,15.0,8.0,6,ty69523,vz33678,W98,2021,True,EX25,5.0,445459.33,209114.71,True,,,,,,,,680.5,0.5,496.2
20211W99A,27.0,4.0,4,vz31898,tr43335,W99A,2021,True,W58,6.0,445385.33,209013.71,True,2.0,0.16271,0.33897519398454745,2.0,53.0,229.183,0.34583325,672.9,0.6,539.6
20212C51,53.0,6.0,0,,,C51,2021,,,,446497.72,206774.76,False,,,,,,,,,,
20212EX49A,76.0,5.0,0,,,EX49A,2021,,,,446155.33,208632.71,False,,,,,,,,,,
20212EX5A,46.0,11.0,6,,vz29885,EX5A,2021,,,,445452.33,208363.71,False,,,,,,,,,,
20212O96,39.0,8.0,4,,ty68636,O96,2021,,,,445978.33,207543.71,False,,,,,,,,,,
